시장,코드,종목명,현재가,등락률,시가총액,거래량,거래대금억원_추정,PER,ROE,점수
KOSPI,015760,한국전력,38900.0,-0.38,249724.0,3204199.0,1246.433411,2.87,19.4,14
KOSPI,316140,우리금융지주,29700.0,-1.16,218021.0,5057275.0,1502.010675,7.04,8.91,13
KOSPI,005830,DB손해보험,143100.0,1.42,93731.0,854565.0,1222.882515,5.66,17.75,13
KOSPI,005940,NH투자증권,30200.0,-0.82,107616.0,2198872.0,664.059344,10.46,11.76,13
KOSPI,017800,현대엘리베이터,78800.0,-1.99,30805.0,273262.0,215.330456,12.11,20.11,13
KOSDAQ,257720,실리콘투,36150.0,-2.43,23706.0,545115.0,197.0590725,13.86,46.89,13
KOSPI,071970,HD현대마린엔진,71100.0,-2.87,24118.0,269483.0,191.602413,13.45,41.36,13
KOSPI,001450,현대해상,34550.0,-0.43,29453.0,524811.0,181.3222005,3.03,20.6,13
KOSPI,007340,DN오토모티브,44650.0,1.48,26125.0,248171.0,110.8083515,8.95,15.02,13
KOSPI,000270,기아,169200.0,2.98,660579.0,2452280.0,4149.25776,9.52,12.92,12
KOSPI,105560,KB금융,150600.0,0.6,561513.0,1907114.0,2872.113684,9.96,9.98,12
KOSPI,055550,신한지주,93600.0,0.86,444276.0,2546906.0,2383.904016,9.28,8.72,12
KOSPI,042660,한화오션,123300.0,-0.72,377808.0,1737884.0,2142.810972,24.69,22.59,12
KOSPI,086790,하나금융지주,115100.0,-0.17,315797.0,1481779.0,1705.527629,8.16,9.17,12
KOSPI,161390,한국타이어앤테크놀로지,66800.0,6.03,82749.0,1447920.0,967.21056,7.41,9.39,12
KOSPI,024110,기업은행,20200.0,-1.22,161080.0,4689421.0,947.263042,6.08,7.7,12
KOSPI,011200,HMM,19560.0,-0.25,184497.0,4653326.0,910.1905656,12.79,6.9,12
KOSPI,016360,삼성증권,119800.0,-0.83,106981.0,590178.0,707.033244,8.84,13.09,12
KOSDAQ,043260,성호전자,33400.0,-8.62,23688.0,2059622.0,687.913748,5.72,46.27,12
KOSPI,375500,DL이앤씨,76500.0,0.0,29601.0,858227.0,656.543655,6.57,7.34,12
KOSPI,047050,포스코인터내셔널,63800.0,-0.47,112239.0,1007700.0,642.9126,16.51,9.27,12
KOSDAQ,083650,비에이치아이,72900.0,-1.35,22558.0,503771.0,367.249059,36.61,44.36,12
KOSPI,021240,코웨이,90000.0,-2.6,63691.0,322195.0,289.9755,9.78,18.14,12
KOSPI,005850,에스엘,75100.0,-0.66,34883.0,364224.0,273.532224,10.17,12.81,12
KOSDAQ,041510,에스엠,79700.0,-1.85,18247.0,270953.0,215.949541,13.88,41.65,12
KOSPI,030200,KT,52800.0,1.73,133067.0,398620.0,210.47136,8.62,10.22,12
KOSDAQ,214150,클래시스,44750.0,-2.82,29193.0,347532.0,155.52057,22.22,26.21,12
KOSPI,175330,JB금융지주,23900.0,-0.83,44993.0,532659.0,127.305501,6.48,12.36,12
KOSDAQ,035900,JYP Ent.,57700.0,-0.17,20502.0,203850.0,117.62145,16.63,29.21,12
KOSPI,035250,강원랜드,15030.0,-0.27,32155.0,734579.0,110.4072237,11.35,8.11,12
KOSPI,030000,제일기획,18460.0,0.82,21237.0,580965.0,107.246139,10.24,13.7,12
KOSPI,383220,F&F,72900.0,-0.41,27926.0,116679.0,85.058991,5.44,23.16,12
KOSPI,439260,대한조선,63200.0,-1.56,24072.0,114110.0,72.11752,8.57,32.19,12
KOSPI,326030,SK바이오팜,89700.0,-4.06,70247.0,4366107.0,3916.397979,20.14,39.28,11
KOSPI,006800,미래에셋증권,61400.0,-0.97,343574.0,3535536.0,2170.819104,28.51,12.36,11
KOSPI,028050,삼성E&A,52900.0,4.13,103684.0,2373485.0,1255.573565,16.66,13.76,11
KOSPI,003490,대한항공,26800.0,-0.74,98683.0,3931009.0,1053.510412,16.05,7.28,11
KOSPI,032640,LG유플러스,16130.0,7.03,68460.0,4114663.0,663.6951419,13.03,6.01,11
KOSPI,082740,한화엔진,64200.0,-4.18,53573.0,1019258.0,654.363636,25.86,36.6,11
KOSPI,204320,HL만도,62100.0,0.65,29160.0,884253.0,549.121113,24.31,3.82,11
KOSDAQ,050890,쏠리드,16000.0,0.82,9721.0,3097246.0,495.55936,17.52,10.8,11
KOSDAQ,095610,테스,119100.0,-2.62,23058.0,375229.0,446.897739,35.62,15.76,11
KOSDAQ,005290,동진쎄미켐,54700.0,-5.2,27881.0,746945.0,408.578915,21.66,9.52,11
KOSPI,241560,두산밥캣,64700.0,-3.14,62019.0,476846.0,308.519362,14.67,5.71,11
KOSPI,088350,한화생명,4880.0,-1.11,42384.0,5263616.0,256.8644608,6.61,6.51,11
KOSDAQ,083450,GST,53800.0,-2.0,9915.0,461560.0,248.31928,18.04,16.15,11
KOSPI,138930,BNK금융지주,16820.0,-1.69,52197.0,1337299.0,224.9336918,6.54,7.58,11
KOSPI,078930,GS,72500.0,-2.16,67349.0,309759.0,224.575275,5.21,5.55,11
KOSDAQ,082920,비츠로셀,52600.0,-0.38,23849.0,385962.0,203.016012,37.17,18.56,11
KOSDAQ,031330,에스에이엠티,15650.0,-4.11,15649.0,1184582.0,185.387083,5.12,16.55,11
KOSPI,161890,한국콜마,85500.0,-1.27,20182.0,190451.0,162.835605,12.86,14.69,11
KOSPI,028670,팬오션,5490.0,0.18,29348.0,2788003.0,153.0613647,9.06,5.3,11
KOSPI,077970,STX엔진,40400.0,-1.94,16220.0,371952.0,150.268608,21.6,22.26,11
KOSDAQ,033100,제룡전기,59000.0,-2.32,9477.0,246007.0,145.14413,18.21,26.93,11
KOSPI,192820,코스맥스,173700.0,-0.8,19714.0,76004.0,132.018948,12.6,23.86,11
KOSDAQ,067160,SOOP,50400.0,1.92,5793.0,248057.0,125.020728,5.69,24.08,11
KOSPI,139130,iM금융지주,17340.0,-2.42,27852.0,701079.0,121.5670986,6.43,7.27,11
KOSPI,251270,넷마블,42500.0,2.29,34822.0,275344.0,117.0212,10.11,4.15,11
KOSPI,005690,파미셀,15000.0,-2.34,9001.0,676234.0,101.4351,20.69,38.31,11
KOSDAQ,037460,삼지전자,45300.0,-0.44,7392.0,208637.0,94.512561,3.8,16.89,11
KOSPI,111770,영원무역,79500.0,-2.81,35228.0,106204.0,84.43218,6.36,12.66,11
KOSPI,282330,BGF리테일,124200.0,0.4,21467.0,55243.0,68.611806,10.16,15.64,11
KOSDAQ,241710,코스메카코리아,71400.0,1.13,7626.0,91766.0,65.520924,13.84,19.29,11
KOSPI,064400,LG씨엔에스,113800.0,29.91,110256.0,8555366.0,9736.006508,23.89,17.35,10
KOSPI,010140,삼성중공업,27950.0,-1.58,245960.0,6896894.0,1927.681873,44.29,13.74,10
KOSPI,007660,이수페타시스,129200.0,1.33,94845.0,1209513.0,1562.690796,54.47,29.64,10
KOSDAQ,403870,HPSP,48650.0,-4.42,40039.0,2761720.0,1343.57678,55.92,24.79,10
KOSDAQ,058470,리노공업,97400.0,-1.72,74230.0,1045231.0,1018.054994,45.54,22.45,10
KOSPI,010950,S-Oil,107400.0,0.37,120914.0,836638.0,898.549212,13.29,2.01,10
KOSPI,323410,카카오뱅크,22400.0,4.67,106875.0,3705193.0,829.963232,22.24,7.23,10
KOSPI,000100,유한양행,85000.0,1.67,67700.0,867064.0,737.0044,32.48,8.81,10
KOSPI,267270,HD건설기계,151500.0,-2.38,72602.0,461275.0,698.831625,15.43,5.74,10
KOSDAQ,067310,하나마이크론,40450.0,-7.01,26885.0,1603198.0,648.493591,26.15,9.89,10
KOSDAQ,319660,피에스케이,98500.0,-5.29,28532.0,556239.0,547.895415,36.32,15.54,10
KOSPI,103590,일진전기,92900.0,-3.13,44300.0,468762.0,435.479898,37.89,19.08,10
KOSDAQ,089970,브이엠,58900.0,-3.76,14591.0,520487.0,306.566843,30.27,17.34,10
KOSDAQ,031980,피에스케이홀딩스,106600.0,-4.99,22986.0,264985.0,282.47401,23.91,19.55,10
KOSDAQ,101490,에스앤에스텍,65800.0,-3.52,14038.0,370190.0,243.58502,23.42,21.24,10
KOSPI,097230,HJ중공업,20550.0,-0.96,18556.0,917237.0,188.4922035,24.97,10.15,10
KOSPI,271560,오리온,129600.0,-3.43,51239.0,144142.0,186.808032,12.72,10.51,10
KOSPI,017960,한국카본,32250.0,-6.66,16666.0,510713.0,164.7049425,17.54,19.3,10
KOSDAQ,458870,씨어스,31750.0,0.79,12084.0,493532.0,156.69641,39.59,52.78,10
KOSPI,011780,금호석유화학,132300.0,-2.58,33283.0,117916.0,156.002868,14.75,4.74,10
KOSPI,103140,풍산,80200.0,-2.79,22475.0,190488.0,152.771376,12.24,6.54,10
KOSPI,279570,케이뱅크,5790.0,0.17,23490.0,2570982.0,148.8598578,19.3,5.4,10
KOSPI,069960,현대백화점,109800.0,0.55,23678.0,119065.0,130.73337,11.95,4.64,10
KOSDAQ,059090,미코,20500.0,0.74,6850.0,606016.0,124.23328,23.22,27.24,10
KOSPI,114090,GKL,10610.0,-0.09,6563.0,1102501.0,116.9753561,14.24,11.01,10
KOSPI,033240,자화전자,39650.0,-6.82,8567.0,291449.0,115.5595285,11.0,11.15,10
KOSDAQ,124500,아이티센글로벌,43850.0,-4.36,10175.0,255534.0,112.051659,17.77,45.89,10
KOSDAQ,023160,태광,31500.0,-7.49,8148.0,354081.0,111.535515,10.31,10.73,10
KOSDAQ,003380,하림지주,11280.0,-0.44,12634.0,979245.0,110.458836,4.92,7.29,10
KOSPI,003530,한화투자증권,6120.0,-1.29,13130.0,1804031.0,110.4066972,13.16,5.41,10
KOSDAQ,213420,덕산네오룩스,38850.0,-3.0,9647.0,264946.0,102.931521,18.14,12.5,10
KOSPI,003690,코리안리,12850.0,-5.93,22709.0,777636.0,99.926226,7.77,9.03,10
KOSDAQ,060250,NHN KCP,17930.0,3.05,7201.0,543372.0,97.4265996,13.96,16.35,10
KOSPI,192080,더블유게임즈,68400.0,-2.29,14483.0,126943.0,86.829012,9.54,11.33,10
KOSDAQ,137400,피엔티,46450.0,-1.59,11004.0,178167.0,82.7585715,14.01,11.37,10
KOSDAQ,171090,선익시스템,79700.0,-5.57,8052.0,99601.0,79.381997,7.88,101.48,10
KOSPI,100840,SNT에너지,38150.0,-3.66,7890.0,205701.0,78.4749315,7.69,25.15,10
KOSPI,051600,한전KPS,51000.0,-0.58,22950.0,143480.0,73.1748,16.11,9.29,10
KOSPI,029780,삼성카드,46150.0,-1.7,53469.0,156883.0,72.4015045,8.28,7.45,10
KOSDAQ,272110,케이엔제이,32300.0,-0.92,2592.0,207582.0,67.048986,9.48,30.79,10
KOSDAQ,052400,코나아이,55400.0,-3.32,8068.0,116907.0,64.766478,9.07,32.62,10
KOSDAQ,086450,동국제약,19670.0,-2.38,8897.0,327614.0,64.4416738,11.94,10.42,10
KOSPI,012750,에스원,68400.0,0.29,25991.0,91679.0,62.708436,16.44,10.45,10
KOSPI,009450,경동나비엔,70100.0,-2.64,10213.0,84027.0,58.902927,9.34,12.24,10
KOSPI,081660,미스토홀딩스,37450.0,-2.09,19883.0,147666.0,55.300917,9.4,11.39,10
KOSPI,031210,서울보증보험,43650.0,-2.35,30477.0,116264.0,50.749236,11.36,5.18,10
KOSDAQ,036830,솔브레인홀딩스,49700.0,-1.58,10190.0,90822.0,45.138534,2.09,32.06,10
KOSPI,073240,금호타이어,4700.0,-1.05,13501.0,893870.0,42.01189,3.9,18.53,10
KOSPI,023590,다우기술,39550.0,-0.88,17120.0,98996.0,39.152918,2.89,15.95,10
KOSDAQ,080220,제주반도체,97800.0,-10.85,33685.0,3165031.0,3095.400318,29.74,19.21,9
KOSPI,035720,카카오,41950.0,4.61,185289.0,7343702.0,3080.682989,37.76,4.59,9
KOSPI,090430,아모레퍼시픽,115100.0,-0.26,67325.0,877733.0,1010.270683,34.05,4.41,9
KOSPI,475150,SK이터닉스,40100.0,-0.5,13661.0,1948029.0,781.159629,55.01,11.93,9
KOSDAQ,240810,원익IPS,106000.0,-2.12,52029.0,715947.0,758.90382,61.92,9.05,9
KOSPI,322000,HD현대에너지솔루션,174800.0,-2.62,19578.0,397483.0,694.800284,30.11,10.59,9
KOSDAQ,332570,PS일렉트로닉스,11760.0,-9.54,5493.0,5259617.0,618.5309592,19.93,15.91,9
KOSDAQ,166090,하나머티리얼즈,64000.0,-7.78,12658.0,512824.0,328.20736,25.38,9.39,9
KOSPI,090460,비에이치,30650.0,-4.67,10333.0,704514.0,215.933541,12.79,4.24,9
KOSDAQ,237690,에스티팜,134100.0,-0.96,27975.0,148327.0,198.906507,39.79,10.03,9
KOSPI,120110,코오롱인더,71800.0,-0.55,21501.0,267246.0,191.882628,22.6,1.01,9
KOSPI,229640,LS에코에너지,69100.0,-3.09,21162.0,275861.0,190.619951,48.87,21.43,9
KOSPI,003720,삼영,9410.0,-7.65,3199.0,1818958.0,171.1639478,19.73,16.59,9
KOSPI,032350,롯데관광개발,19100.0,-1.9,15204.0,880063.0,168.092033,34.23,8.06,9
KOSDAQ,336570,원텍,8020.0,-8.13,7184.0,2062645.0,165.424129,21.39,24.79,9
KOSDAQ,006910,보성파워텍,9480.0,-3.17,4658.0,1559342.0,147.8256216,19.31,20.26,9
KOSDAQ,078150,HB테크놀러지,3220.0,-5.71,2985.0,4121459.0,132.7109798,6.34,10.49,9
KOSPI,069260,TKG휴켐스,16580.0,-1.01,6778.0,743987.0,123.3530446,11.41,6.77,9
KOSDAQ,290550,디케이티,24850.0,-1.39,4970.0,482053.0,119.7901705,15.12,12.05,9
KOSDAQ,096530,씨젠,30400.0,-0.65,15877.0,360861.0,109.701744,24.18,4.81,9
KOSDAQ,053610,프로텍,78300.0,-11.22,7047.0,131187.0,102.719421,14.1,14.59,9
KOSPI,005180,빙그레,72600.0,0.83,6729.0,139691.0,101.415666,12.64,7.58,9
KOSDAQ,039200,오스코텍,42050.0,0.36,16088.0,227838.0,95.805879,28.96,33.87,9
KOSDAQ,042000,카페24,20750.0,4.11,5017.0,438072.0,90.89994,12.53,16.23,9
KOSDAQ,119850,지엔씨에너지,22700.0,-5.81,3734.0,361817.0,82.132459,9.35,21.15,9
KOSDAQ,098070,한텍,36400.0,6.43,4048.0,217865.0,79.30286,10.95,22.45,9
KOSDAQ,041190,우리기술투자,6110.0,3.74,5132.0,1223095.0,74.7311045,4.64,15.33,9
KOSPI,036460,한국가스공사,35500.0,0.0,32771.0,189396.0,67.23558,10.43,1.23,9
KOSDAQ,012860,모베이스전자,3910.0,0.39,2863.0,1683772.0,65.8354852,13.77,8.59,9
KOSDAQ,272290,이녹스첨단소재,30300.0,-2.73,6041.0,192130.0,58.21539,11.43,13.55,9
KOSDAQ,123330,제닉,22750.0,-0.87,1813.0,243590.0,55.416725,9.62,59.77,9
KOSPI,294870,IPARK현대산업개발,20550.0,-0.24,13544.0,259547.0,53.3369085,8.84,5.0,9
KOSDAQ,098120,마이크로컨텍솔,31000.0,-7.05,2577.0,164033.0,50.85023,14.41,23.08,9
KOSDAQ,036620,감성코퍼레이션,4775.0,-2.95,4322.0,876823.0,41.86829825,11.37,28.75,9
KOSPI,000370,한화손해보험,6320.0,-1.86,7378.0,642755.0,40.622116,3.27,10.56,9
KOSPI,005440,현대지에프홀딩스,13730.0,3.31,21406.0,291484.0,40.0207532,6.48,11.18,9
KOSPI,004490,세방전지,56000.0,-0.18,7762.0,70937.0,39.72472,6.01,9.12,9
KOSPI,000240,한국앤컴퍼니,24300.0,0.83,23069.0,154217.0,37.474731,6.47,7.52,9
KOSPI,008930,한미사이언스,31750.0,0.16,21714.0,117776.0,37.39388,15.96,13.13,9
KOSPI,214320,이노션,19950.0,-1.72,7980.0,160887.0,32.0969565,6.92,8.88,9
KOSPI,012630,HDC,22100.0,0.45,13203.0,141887.0,31.357027,4.41,10.82,9
KOSPI,396500,TIGER 반도체TOP10,50450.0,0.67,146204.0,25295751.0,12761.7063795,,,8
KOSPI,0183,TIGER 미국우주테크,18020.0,1.61,21597.0,34815041.0,6273.6703882,,,8
KOSPI,487240,KODEX AI전력핵심설비,47220.0,-2.77,40893.0,10448254.0,4933.6655388,,,8
KOSPI,229200,KODEX 코스닥150,18730.0,-2.04,51030.0,26034725.0,4876.3039925,,,8
KOSPI,379800,KODEX 미국S&P500,25800.0,1.12,97060.0,14346288.0,3701.342304,,,8
KOSPI,360750,TIGER 미국S&P500,28300.0,1.07,187997.0,9372022.0,2652.282226,,,8
KOSPI,180640,한진칼,110100.0,1.47,73505.0,2385791.0,2626.755891,44.25,4.75,8
KOSPI,0162,RISE 삼성전자SK하이닉스채권혼합50,14615.0,1.56,30253.0,16816057.0,2457.66673055,,,8
KOSPI,000720,현대건설,147000.0,3.96,163693.0,1286641.0,1891.36227,38.77,4.58,8
KOSPI,047810,한국항공우주,168300.0,0.24,164051.0,1025663.0,1726.190829,82.95,10.51,8
KOSDAQ,241520,DSC인베스트먼트,14100.0,9.39,3751.0,11078297.0,1562.039877,22.14,14.58,8
KOSPI,381180,TIGER 미국필라델피아반도체나스닥,50825.0,2.98,62591.0,2259740.0,1148.512855,,,8
KOSPI,305720,KODEX 2차전지산업,20285.0,1.27,23510.0,5385779.0,1092.50527015,,,8
KOSPI,379810,KODEX 미국나스닥100,30250.0,1.65,83989.0,3217089.0,973.1694225,,,8
KOSPI,161510,PLUS 고배당주,26490.0,1.4,26011.0,2885365.0,764.3331885,,,8
KOSDAQ,218410,RFHIC,90100.0,-3.22,23925.0,754270.0,679.59727,75.91,8.84,8
KOSDAQ,032820,우리기술,15210.0,-2.12,26101.0,4407901.0,670.4417421,75.3,0.67,8
KOSPI,411060,ACE KRX금현물,30005.0,2.41,46118.0,2121788.0,636.6424894,,,8
KOSDAQ,078600,대주전자재료,153100.0,-0.26,23849.0,346464.0,530.436384,234.82,8.6,8
KOSPI,487230,KODEX 미국AI전력핵심인프라,25890.0,0.35,20660.0,1955519.0,506.2838691,,,8
KOSPI,001740,SK네트웍스,11280.0,-5.84,22627.0,4294047.0,484.3685016,25.87,2.44,8
KOSPI,007810,코리아써키트,119300.0,6.52,28611.0,378825.0,451.938225,45.85,11.54,8
KOSPI,284430,KODEX 200미국채혼합,24095.0,2.05,21975.0,1663085.0,400.72033075,,,8
KOSPI,000880,한화,133700.0,-3.95,94269.0,293586.0,392.524482,28.95,3.3,8
KOSPI,022100,포스코DX,32450.0,5.36,49335.0,1146303.0,371.9753235,142.95,9.53,8
KOSPI,458730,TIGER 미국배당다우존스,15540.0,0.03,37498.0,2359131.0,366.6089574,,,8
KOSPI,367380,ACE 미국나스닥100,34720.0,1.64,35206.0,1003968.0,348.5776896,,,8
KOSDAQ,425040,티이엠씨,18000.0,-7.64,3847.0,1822388.0,328.02984,25.97,8.37,8
KOSDAQ,183300,코미코,90000.0,-3.95,9415.0,249535.0,224.5815,38.2,18.52,8
KOSPI,139480,이마트,86100.0,-1.15,23760.0,217598.0,187.351878,18.98,1.27,8
KOSDAQ,038500,삼표시멘트,12360.0,1.81,13338.0,1442646.0,178.3110456,27.11,5.29,8
KOSDAQ,327260,RF머트리얼즈,78600.0,-2.6,6677.0,222189.0,174.640554,72.11,15.05,8
KOSPI,010820,퍼스텍,9330.0,-7.35,4550.0,1791639.0,167.1599187,31.95,20.16,8
KOSDAQ,037030,파워넷,7440.0,3.33,1898.0,2044200.0,152.08848,11.43,10.93,8
KOSDAQ,080580,오킨스전자,17940.0,-2.39,3784.0,805438.0,144.4955772,43.44,19.93,8
KOSDAQ,142210,유니트론텍,8170.0,3.55,1695.0,1738733.0,142.0544861,12.85,9.58,8
KOSDAQ,187870,디바이스,25950.0,4.01,3573.0,526913.0,136.7339235,21.11,11.11,8
KOSDAQ,195940,HK이노엔,45000.0,-0.44,12748.0,206608.0,92.9736,15.14,5.87,8
KOSPI,281820,케이씨텍,62600.0,-5.44,12394.0,141881.0,88.817506,16.78,10.55,8
KOSPI,001120,LX인터내셔널,41950.0,-1.64,16260.0,208299.0,87.3814305,15.62,5.22,8
KOSPI,108320,LX세미콘,52600.0,-2.59,8555.0,161658.0,85.032108,17.64,7.49,8
KOSDAQ,122870,와이지엔터테인먼트,44600.0,-2.51,8336.0,179754.0,80.170284,22.84,7.41,8
KOSPI,249420,일동제약,21350.0,-2.06,6755.0,359036.0,76.654186,18.68,13.59,8
KOSPI,000120,CJ대한통운,85500.0,0.0,19505.0,87111.0,74.479905,8.1,5.98,8
KOSDAQ,476060,온코닉테라퓨틱스,19050.0,0.16,8650.0,388993.0,74.1031665,41.59,24.65,8
KOSPI,100090,SK오션플랜트,17010.0,-1.39,10628.0,421885.0,71.7626385,24.09,4.96,8
KOSPI,034230,파라다이스,14100.0,1.29,13061.0,478983.0,67.536603,16.3,5.62,8
KOSDAQ,254490,미래반도체,26200.0,-6.6,3783.0,243285.0,63.74067,11.4,14.41,8
KOSPI,001200,유진투자증권,4755.0,-1.04,4606.0,1335570.0,63.5063535,7.14,5.91,8
KOSPI,003620,KG모빌리티,3405.0,-0.58,6891.0,1853947.0,63.12689535,9.73,3.21,8
KOSDAQ,006730,서부T&D,10670.0,-2.2,6928.0,574889.0,61.3406563,8.08,7.68,8
KOSDAQ,030520,한글과컴퓨터,20400.0,5.7,4933.0,299060.0,61.00824,14.7,9.61,8
KOSDAQ,068760,셀트리온제약,47700.0,-0.83,21180.0,122224.0,58.300848,52.82,9.31,8
KOSDAQ,017510,세명전기,9890.0,-4.63,1508.0,522748.0,51.6997772,11.38,15.13,8
KOSDAQ,102710,이엔에프테크놀로지,43950.0,-4.77,6280.0,113901.0,50.0594895,11.03,12.29,8
KOSDAQ,033500,동성화인텍,20500.0,-3.07,6148.0,226576.0,46.44808,9.61,24.23,8
KOSPI,001800,오리온홀딩스,25050.0,-0.4,15693.0,173404.0,43.437702,11.66,5.01,8
KOSPI,484870,엠앤씨솔루션,74800.0,-1.71,6847.0,57966.0,43.358568,15.63,25.32,8
KOSDAQ,015750,성우하이텍,7390.0,-1.99,5912.0,586203.0,43.3204017,3.67,10.52,8
KOSPI,010690,화신,11330.0,0.27,3956.0,354634.0,40.1800322,6.0,12.25,8
KOSPI,178920,PI첨단소재,25000.0,-1.38,7342.0,160422.0,40.1055,20.89,8.8,8
KOSDAQ,259630,엠플러스,15000.0,-1.9,1833.0,264824.0,39.7236,6.34,22.12,8
KOSPI,005500,삼진제약,20350.0,-2.86,2711.0,188087.0,38.2757045,12.77,8.76,8
KOSPI,003540,대신증권,30600.0,-1.92,15061.0,124009.0,37.946754,14.97,5.06,8
KOSDAQ,194700,노바렉스,15170.0,-4.23,2769.0,245807.0,37.2889219,6.58,15.0,8
KOSDAQ,053800,안랩,61000.0,-1.13,6787.0,58581.0,35.73441,12.13,14.68,8
KOSPI,004000,롯데정밀화학,52700.0,0.19,13597.0,66757.0,35.180939,11.11,4.42,8
KOSPI,075580,세진중공업,14930.0,-3.62,8488.0,232505.0,34.7129965,16.39,24.35,8
KOSDAQ,101160,월덱스,25650.0,-1.91,4235.0,128636.0,32.995134,9.06,12.53,8
KOSPI,002900,TYM,7040.0,-1.26,2915.0,441482.0,31.0803328,5.12,9.66,8
KOSDAQ,204620,글로벌텍스프리,4615.0,-4.05,3244.0,661152.0,30.5121648,9.34,27.81,8
KOSPI,0167,SOL AI반도체TOP2플러스,25200.0,7.81,42575.0,63899125.0,16102.5795,,,7
KOSPI,091160,KODEX 반도체,160980.0,0.11,75822.0,7207694.0,11602.9458012,,,7
KOSPI,395160,KODEX AI반도체TOP2플러스,53770.0,7.22,38499.0,17989689.0,9673.0557753,,,7
KOSPI,395270,HANARO Fn K-반도체,75620.0,6.19,42839.0,9455614.0,7150.3353068,,,7
KOSPI,001440,대한전선,45450.0,-4.92,89079.0,6580148.0,2990.677266,173.47,5.48,7
KOSPI,498400,KODEX 200타겟위클리커버드콜,26545.0,3.47,63894.0,8146898.0,2162.5940741,,,7
KOSDAQ,126730,코칩,30150.0,-2.11,2644.0,6655297.0,2006.5720455,57.65,5.25,7
KOSPI,017670,SK텔레콤,100600.0,3.82,216079.0,1920948.0,1932.473688,58.97,3.33,7
KOSDAQ,486990,노타,38500.0,11.27,8218.0,4922020.0,1894.9777,-39.37,77.24,7
KOSDAQ,319400,현대무벡스,39750.0,6.14,44272.0,4076150.0,1620.269625,441.67,6.79,7
KOSPI,0117,TIGER 코리아AI전력기기TOP3플러스,24395.0,-1.93,12393.0,6241735.0,1522.67125325,,,7
KOSPI,292150,TIGER 코리아TOP10,47340.0,3.33,31528.0,2758960.0,1306.091664,,,7
KOSPI,272210,한화시스템,105000.0,-0.85,198365.0,1144956.0,1202.2038,124.41,6.6,7
KOSPI,469150,ACE AI반도체TOP3+,78265.0,1.7,12992.0,1524960.0,1193.509944,,,7
KOSPI,466920,SOL 조선TOP3플러스,37700.0,-1.89,19359.0,3165133.0,1193.255141,,,7
KOSPI,472150,TIGER 배당커버드콜액티브,26180.0,3.15,20329.0,4483825.0,1173.865385,,,7
KOSPI,0167,KODEX 미국우주항공,15030.0,0.91,7868.0,7579961.0,1139.2681383,,,7
KOSPI,0177,KODEX 삼성전자SK하이닉스채권혼합50,15455.0,1.74,10092.0,6515889.0,1007.03064495,,,7
KOSDAQ,100790,미래에셋벤처투자,49000.0,-8.07,26031.0,1925529.0,943.50921,84.19,8.47,7
KOSPI,455850,SOL AI반도체소부장,28900.0,-2.81,11155.0,3222908.0,931.420412,,,7
KOSPI,364980,TIGER 2차전지TOP10,13380.0,1.71,8757.0,6887260.0,921.515388,,,7
KOSPI,488770,KODEX 머니마켓액티브,104490.0,0.02,80773.0,838818.0,876.4809282,,,7
KOSPI,278530,KODEX 200TR,48515.0,3.39,92276.0,1666123.0,808.31957345,,,7
KOSPI,102970,KODEX 증권,25680.0,-0.79,9990.0,2962549.0,760.7825832,,,7
KOSPI,0091,TIGER 코리아원자력,21040.0,0.07,8342.0,3557737.0,748.5478648,,,7
KOSPI,232080,TIGER 코스닥150,19055.0,-2.38,16650.0,3852960.0,734.181528,,,7
KOSPI,426030,TIME 미국나스닥100액티브,57500.0,4.55,22344.0,1152628.0,662.7611,,,7
KOSDAQ,058610,에스피지,116600.0,0.17,25859.0,525108.0,612.275928,273.07,3.57,7
KOSPI,102780,KODEX 삼성그룹,32750.0,7.55,43034.0,1859500.0,608.98625,,,7
KOSPI,449450,PLUS K방산,68130.0,-2.84,15132.0,884877.0,602.8667001,,,7
KOSPI,006360,GS건설,30500.0,5.9,26102.0,1933379.0,589.680595,40.03,2.03,7
KOSPI,463250,TIGER K방산&우주,43185.0,-2.85,8399.0,1354802.0,585.0712437,,,7
KOSDAQ,356680,엑스게이트,25000.0,6.16,7136.0,2339875.0,584.96875,135.14,8.36,7
KOSPI,495050,RISE 코리아밸류업,39335.0,2.88,12745.0,1414431.0,556.36643385,,,7
KOSPI,494670,TIGER 조선TOP10,29780.0,-1.15,7847.0,1862077.0,554.5265306,,,7
KOSDAQ,098460,고영,34300.0,-3.38,23549.0,1604913.0,550.485159,86.4,4.48,7
KOSPI,434730,HANARO 원자력iSelect,74450.0,-0.67,9641.0,715384.0,532.603388,,,7
KOSPI,006340,대원전선,11940.0,-3.4,9363.0,4283173.0,511.4108562,75.09,7.45,7
KOSPI,0177,TIGER 반도체TOP10커버드콜액티브,15340.0,2.27,7148.0,3222608.0,494.3480672,,,7
KOSPI,390390,KODEX 미국반도체,62070.0,2.78,14214.0,783576.0,486.3656232,,,7
KOSPI,0101,RISE AI전력인프라,24000.0,-2.68,8256.0,2021343.0,485.12232,,,7
KOSPI,456600,TIME 글로벌AI인공지능액티브,69235.0,5.28,25520.0,650765.0,450.55714775,,,7
KOSDAQ,149950,아바텍,15700.0,0.13,2146.0,2825164.0,443.550748,27.45,4.66,7
KOSDAQ,089030,테크윙,49850.0,-2.83,18471.0,808578.0,403.076133,405.28,4.63,7
KOSPI,457480,ACE 테슬라밸류체인액티브,25160.0,0.88,12240.0,1547936.0,389.4606976,,,7
KOSPI,462010,TIGER 2차전지소재Fn,7290.0,0.07,8019.0,4925835.0,359.0933715,,,7
KOSPI,441800,TIME Korea플러스배당액티브,36805.0,1.78,10592.0,951891.0,350.34348255,,,7
KOSPI,305540,TIGER 2차전지테마,25015.0,2.12,12895.0,1393718.0,348.6385577,,,7
KOSPI,195870,해성디에스,89100.0,-1.66,15147.0,382132.0,340.479612,44.46,4.25,7
KOSPI,448330,KODEX 삼성전자채권혼합,17950.0,2.43,12727.0,1817962.0,326.324179,,,7
KOSDAQ,476830,알지노믹스,126100.0,-4.11,17571.0,251377.0,316.986397,-13.44,604.61,7
KOSPI,466940,TIGER 은행고배당플러스TOP10,24280.0,-0.98,8425.0,1289461.0,313.0811308,,,7
KOSDAQ,084370,유진테크,124000.0,-4.39,28416.0,233655.0,289.7322,50.14,9.81,7
KOSPI,052690,한전기술,134300.0,-1.03,51329.0,211168.0,283.598624,152.96,14.2,7
KOSPI,381170,TIGER 미국테크TOP10 INDXX,35065.0,1.74,44129.0,792289.0,277.81613785,,,7
KOSDAQ,356860,티엘비,112800.0,-6.55,11091.0,241437.0,272.340936,41.62,15.99,7
KOSPI,023530,롯데쇼핑,147700.0,-2.38,41782.0,170177.0,251.351429,25.54,0.34,7
KOSPI,001510,SK증권,3250.0,-5.8,7517.0,7632484.0,248.05573,26.86,5.0,7
KOSPI,489790,한화비전,67100.0,-0.3,33878.0,356465.0,239.188015,99.55,5.4,7
KOSPI,001040,CJ,161700.0,-1.76,47179.0,143023.0,231.268191,38.17,2.69,7
KOSPI,088980,맥쿼리인프라,10960.0,-0.54,52490.0,1882829.0,206.3580584,,,7
KOSPI,112610,씨에스윈드,47500.0,-1.04,20031.0,379613.0,180.316175,-116.71,3.02,7
KOSDAQ,376900,로킷헬스케어,54800.0,2.05,8699.0,306708.0,168.075984,-279.59,8.69,7
KOSPI,455890,RISE 머니마켓액티브,55020.0,0.01,26785.0,296386.0,163.0715772,,,7
KOSPI,357870,TIGER CD금리투자KIS(합성),57555.0,0.02,44792.0,281589.0,162.06854895,,,7
KOSDAQ,222080,씨아이에스,12060.0,-2.51,9380.0,1311769.0,158.1993414,46.74,5.83,7
KOSPI,360200,ACE 미국S&P500,28615.0,1.08,40376.0,519967.0,148.78855705,,,7
KOSDAQ,456160,지투지바이오,58200.0,-7.32,9629.0,250061.0,145.535502,-68.07,39.5,7
KOSDAQ,074600,원익QnC,32900.0,-4.22,8649.0,418501.0,137.686829,37.01,4.73,7
KOSDAQ,252990,샘씨엔에스,12950.0,-4.64,7798.0,977586.0,126.597387,50.19,9.7,7
KOSDAQ,482630,삼양엔씨켐,15760.0,-7.46,3450.0,632276.0,99.6466976,20.49,14.69,7
KOSDAQ,065350,신성델타테크,44400.0,-0.67,12203.0,211519.0,93.914436,56.2,9.51,7
KOSDAQ,014620,성광벤드,30800.0,-5.38,8180.0,275556.0,84.871248,24.48,6.45,7
KOSDAQ,019210,와이지-원,15930.0,-2.69,5925.0,409277.0,65.1978261,23.43,6.14,7
KOSPI,079900,전진건설로봇,60200.0,8.86,8785.0,102949.0,61.975298,28.21,20.58,7
KOSPI,025560,미래산업,37000.0,-4.39,1884.0,151909.0,56.20633,10.27,8.85,7
KOSDAQ,160980,싸이맥스,32100.0,-3.31,3507.0,161035.0,51.692235,23.46,8.12,7
KOSDAQ,035760,CJ ENM,39550.0,0.76,8673.0,125601.0,49.6751955,8.88,1.06,7
KOSDAQ,056190,에스에프에이,26700.0,-2.55,9588.0,178738.0,47.723046,19.07,6.11,7
KOSPI,003470,유안타증권,5180.0,-3.18,10339.0,826802.0,42.8283436,11.51,5.4,7
KOSDAQ,265520,AP시스템,24900.0,-0.6,3748.0,171629.0,42.735621,9.98,6.76,7
KOSDAQ,054210,이랜텍,10610.0,-6.27,2683.0,374203.0,39.7029383,6.53,8.96,7
KOSPI,003570,SNT다이내믹스,43200.0,-0.58,14365.0,87799.0,37.929168,22.43,7.43,7
KOSDAQ,110990,디아이티,21300.0,-6.17,4026.0,177997.0,37.913361,10.31,13.5,7
KOSPI,002790,아모레퍼시픽홀딩스,22900.0,0.88,17509.0,164623.0,37.698667,17.45,3.64,7
KOSDAQ,064850,에프앤가이드,24250.0,-3.77,2767.0,154354.0,37.430845,20.94,15.15,7
KOSPI,014830,유니드,71300.0,-0.28,4825.0,50245.0,35.824685,7.11,6.23,7
KOSPI,001500,현대차증권,9520.0,-2.26,5886.0,351679.0,33.4798408,9.59,4.21,7
KOSDAQ,147830,제룡산업,8720.0,-3.0,1744.0,347625.0,30.3129,12.39,13.94,7
KOSPI,069500,KODEX 200,134815.0,3.71,294840.0,17383318.0,23435.3201617,,,6
KOSPI,034220,LG디스플레이,16090.0,11.58,80450.0,58600337.0,9428.7942233,-98.71,3.44,6
KOSPI,102110,TIGER 200,134960.0,3.83,117550.0,5488162.0,7406.8234352,,,6
KOSPI,034020,두산에너빌리티,105600.0,-0.28,676433.0,4493853.0,4745.508768,438.17,1.11,6
KOSDAQ,010170,대한광통신,22700.0,-2.37,35295.0,18438881.0,4185.625987,-118.23,-52.05,6
KOSPI,047040,대우건설,26200.0,2.95,107658.0,15396361.0,4033.846582,-14.06,-23.89,6
KOSPI,148020,RISE 200,136320.0,4.1,49552.0,1579956.0,2153.7960192,,,6
KOSPI,091230,TIGER 반도체,169745.0,-0.03,17212.0,975576.0,1655.9914812,,,6
KOSPI,138540,TIGER 현대차그룹플러스,75200.0,5.54,10889.0,2162342.0,1626.081184,,,6
KOSPI,009420,한올바이오파마,62500.0,0.0,32650.0,1379694.0,862.30875,-644.33,-3.37,6
KOSPI,009830,한화솔루션,41850.0,2.83,71937.0,2014605.0,843.1121925,-11.15,-7.01,6
KOSDAQ,131970,두산테스나,157300.0,2.21,30402.0,528922.0,831.994306,115.41,0.35,6
KOSDAQ,028300,HLB,50800.0,0.59,67665.0,1578915.0,802.08882,-34.49,-44.32,6
KOSPI,181710,NHN,50900.0,22.5,16671.0,1060633.0,539.862197,28.6,2.2,6
KOSPI,0167,SOL 200타겟위클리커버드콜,15135.0,3.24,7537.0,3373771.0,510.62024085,,,6
KOSPI,0131,1Q 미국우주항공테크,16645.0,4.39,7307.0,2882233.0,479.74768285,,,6
KOSPI,0080,KODEX 방산TOP10,13020.0,-2.84,5377.0,3540886.0,461.0233572,,,6
KOSDAQ,052710,아모텍,28400.0,-5.96,4150.0,1533053.0,435.387052,69.78,5.19,6
KOSPI,0043,TIME 차이나AI테크액티브,25630.0,2.29,3678.0,1660626.0,425.6184438,,,6
KOSPI,462900,KoAct 바이오헬스케어액티브,19015.0,-2.36,5486.0,2233328.0,424.6673192,,,6
KOSDAQ,030530,원익홀딩스,27150.0,-4.57,20970.0,1493706.0,405.541179,108.6,2.78,6
KOSPI,0190,KODEX 반도체타겟위클리커버드콜,11190.0,-0.4,3044.0,3593591.0,402.1228329,,,6
KOSPI,105190,ACE 200,135735.0,3.92,21107.0,295129.0,400.59334815,,,6
KOSPI,497570,TIGER 미국필라델피아AI반도체나스닥,24535.0,3.81,13004.0,1583272.0,388.4557852,,,6
KOSPI,0173,KODEX 미국AI광통신네트워크,14705.0,-0.14,5808.0,2640765.0,388.32449325,,,6
KOSPI,152100,PLUS 200,137010.0,3.83,20689.0,280705.0,384.5939205,,,6
KOSPI,0098,KODEX 원자력SMR,19565.0,1.01,3620.0,1962407.0,383.94492955,,,6
KOSPI,004020,현대제철,40150.0,1.65,53578.0,925853.0,371.7299795,743.52,-0.04,6
KOSPI,011210,현대위아,91000.0,3.06,24748.0,405729.0,369.21339,70.65,2.75,6
KOSPI,0180,ACE 미국우주테크액티브,14945.0,1.36,2922.0,2411205.0,360.35458725,,,6
KOSDAQ,232680,라온로보틱스,19530.0,-9.58,2562.0,1769904.0,345.6622512,48.34,10.85,6
KOSDAQ,290650,엘앤씨바이오,75800.0,-0.13,20443.0,452125.0,342.71075,-13.7,-57.68,6
KOSPI,450080,에코프로머티,62200.0,-3.57,43979.0,500173.0,311.107606,102.98,2.56,6
KOSPI,495850,KODEX 코리아밸류업,38990.0,2.38,9085.0,750351.0,292.5618549,,,6
KOSPI,486290,TIGER 미국나스닥100타겟데일리커버드콜,12205.0,1.71,18332.0,2293066.0,279.8687053,,,6
KOSDAQ,203650,드림시큐리티,3490.0,0.14,3528.0,7650021.0,266.9857329,43.62,7.19,6
KOSDAQ,437730,삼현,51100.0,-4.31,16203.0,514300.0,262.8073,155.79,8.46,6
KOSPI,465580,ACE 미국빅테크TOP7 Plus,26560.0,1.68,11846.0,986589.0,262.0380384,,,6
KOSPI,444200,SOL 코리아메가테크액티브,60530.0,2.79,7869.0,400315.0,242.3106695,,,6
KOSDAQ,417840,저스템,17560.0,-1.9,3980.0,1370109.0,240.5911404,58.34,6.89,6
KOSPI,498410,KODEX 금융고배당TOP10타겟위클리커버드콜,11380.0,-1.22,7204.0,1880154.0,213.9615252,,,6
KOSDAQ,295310,에이치브이엠,109800.0,-3.94,13206.0,189754.0,208.349892,103.58,16.15,6
KOSPI,001430,세아베스틸지주,53500.0,-3.6,19186.0,387152.0,207.12632,26.71,2.89,6
KOSPI,453850,ACE 미국30년국채액티브(H),7440.0,1.02,18072.0,2781821.0,206.9674824,,,6
KOSPI,035510,신세계 I&C,16910.0,12.14,2364.0,1134202.0,191.7935582,8.15,6.73,6
KOSPI,0043,TIGER 머니마켓액티브,102600.0,0.01,29643.0,186398.0,191.244348,,,6
KOSPI,475720,RISE 200위클리커버드콜,15940.0,1.95,10226.0,1120612.0,178.6255528,,,6
KOSPI,469830,SOL 초단기채권액티브,53915.0,0.03,11752.0,324928.0,175.1849312,,,6
KOSPI,0072,TIGER KRX금현물,14290.0,2.81,14133.0,1220786.0,174.4503194,,,6
KOSPI,476550,TIGER 미국30년국채커버드콜액티브(H),7195.0,0.77,9577.0,2388723.0,171.86861985,,,6
KOSPI,423160,KODEX KOFR금리액티브(합성),110645.0,0.01,42282.0,149393.0,165.29588485,,,6
KOSPI,494300,KODEX 미국나스닥100데일리커버드콜OTM,10980.0,0.92,8652.0,1499602.0,164.6562996,,,6
KOSPI,438100,ACE 미국나스닥100미국채혼합50액티브,16705.0,0.88,8252.0,936729.0,156.48057945,,,6
KOSPI,251600,PLUS 고배당주채권혼합,15690.0,0.48,7280.0,986664.0,154.8075816,,,6
KOSPI,441640,KODEX 미국배당커버드콜액티브,13395.0,0.19,15786.0,1153215.0,154.47314925,,,6
KOSPI,371160,TIGER 차이나항셍테크,8105.0,0.93,8227.0,1821832.0,147.6594836,,,6
KOSPI,449170,TIGER KOFR금리액티브(합성),111000.0,0.01,24192.0,125947.0,139.80117,,,6
KOSDAQ,232140,와이씨,16170.0,-5.66,13267.0,852061.0,137.7782637,68.81,5.56,6
KOSPI,315930,KODEX Top5PlusTR,100340.0,2.82,21071.0,135159.0,135.6185406,,,6
KOSPI,371460,TIGER 차이나전기차SOLACTIVE,13700.0,-0.4,11711.0,989391.0,135.546567,,,6
KOSPI,438080,ACE 미국S&P500미국채혼합50액티브,15145.0,0.5,11041.0,820790.0,124.3086455,,,6
KOSDAQ,033640,네패스,33950.0,-3.82,7829.0,333900.0,113.35905,110.59,14.19,6
KOSDAQ,078350,한양디지텍,31550.0,-9.6,4810.0,335692.0,105.910826,29.49,9.09,6
KOSPI,491010,TIGER 글로벌AI전력인프라액티브,34090.0,2.6,8291.0,302605.0,103.1580445,,,6
KOSDAQ,394420,리센스메디컬,26300.0,-7.07,2876.0,380871.0,100.169073,-12.78,45.75,6
KOSDAQ,024800,유성티엔에스,5000.0,-16.39,1853.0,1873511.0,93.67555,3.6,10.9,6
KOSDAQ,061090,세나테크놀로지,48400.0,15.93,2705.0,189158.0,91.552472,16.9,11.04,6
KOSDAQ,036010,아비코전자,11780.0,-12.29,1566.0,768021.0,90.4728738,13.96,8.5,6
KOSDAQ,214370,케어젠,88400.0,-1.12,47484.0,102168.0,90.316512,203.22,9.23,6
KOSPI,009470,삼화전기,38150.0,-5.69,2523.0,235779.0,89.9496885,25.59,10.39,6
KOSDAQ,092870,엑시콘,29200.0,-2.67,3811.0,283854.0,82.885368,33.26,4.81,6
KOSPI,003160,디아이,27850.0,-2.62,7882.0,297272.0,82.790252,72.91,3.21,6
KOSDAQ,402490,그린리소스,13880.0,-9.1,2351.0,564405.0,78.339414,16.6,15.86,6
KOSDAQ,234340,헥토파이낸셜,26400.0,-0.75,3688.0,289015.0,76.29996,27.36,5.89,6
KOSDAQ,170920,엘티씨,38250.0,-2.55,4041.0,192100.0,73.47825,37.87,4.05,6
KOSDAQ,425420,티에프이,46500.0,-8.28,5741.0,153039.0,71.163135,28.62,19.3,6
KOSDAQ,382800,지앤비에스 에코,7460.0,-2.48,2375.0,893280.0,66.638688,15.61,5.51,6
KOSPI,018250,애경산업,14160.0,7.6,3740.0,463083.0,65.5725528,15.72,3.8,6
KOSDAQ,388050,지투파워,9980.0,-4.31,1867.0,652041.0,65.0736918,24.11,14.09,6
KOSDAQ,089890,코세스,39150.0,-3.93,6493.0,151954.0,59.489991,52.2,19.58,6
KOSDAQ,368770,파이버프로,17310.0,-5.92,5687.0,338777.0,58.6422987,44.73,22.06,6
KOSPI,025860,남해화학,7000.0,-2.91,3478.0,837193.0,58.60351,27.13,5.41,6
KOSDAQ,214430,아이쓰리시스템,80800.0,-4.38,5904.0,70191.0,56.714328,32.13,15.31,6
KOSDAQ,036170,에이치엠넥스,4065.0,-5.47,2495.0,1377518.0,55.9961067,21.17,8.43,6
KOSDAQ,083500,에프엔에스테크,19200.0,-6.11,1647.0,278322.0,53.437824,16.62,10.83,6
KOSPI,007070,GS리테일,25550.0,0.79,21362.0,188279.0,48.1052845,26.78,1.34,6
KOSDAQ,049630,재영솔루텍,10650.0,-3.09,2490.0,435655.0,46.3972575,12.1,9.88,6
KOSDAQ,045100,한양이엔지,30600.0,-3.32,5355.0,146709.0,44.892954,9.39,6.81,6
KOSDAQ,298830,슈어소프트테크,6100.0,-2.71,3261.0,717836.0,43.787996,33.89,8.6,6
KOSDAQ,094820,일진파워,14060.0,-3.83,2120.0,303025.0,42.605315,8.91,13.41,6
KOSDAQ,114810,한솔아이원스,13800.0,-3.43,3884.0,284673.0,39.284874,17.04,14.49,6
KOSPI,058430,포스코스틸리온,5940.0,-1.66,3564.0,582203.0,34.5828582,24.75,4.45,6
KOSPI,000080,하이트진로,16020.0,-2.79,11235.0,215838.0,34.5772476,28.92,3.69,6
KOSDAQ,065680,우주일렉트로,45550.0,-4.31,4209.0,71575.0,32.6024125,18.71,8.47,6
KOSPI,001820,삼화콘덴서,149100.0,-4.55,15499.0,6239545.0,9303.161595,113.3,4.62,5
KOSPI,003550,LG,146600.0,26.6,226089.0,6073217.0,8903.336122,46.78,2.64,5
KOSDAQ,178320,서진시스템,77600.0,-3.96,49378.0,3105502.0,2409.869552,-35.76,-12.63,5
KOSDAQ,440110,파두,112100.0,0.63,56159.0,2131323.0,2389.213083,-104.28,-131.08,5
KOSPI,445290,KODEX 로봇액티브,44675.0,8.83,15502.0,4499547.0,2010.17262225,,,5
KOSPI,066970,엘앤에프,168300.0,-0.53,68087.0,1022438.0,1720.763154,-13.12,-76.95,5
KOSPI,091180,KODEX 자동차,41120.0,6.25,6435.0,3367440.0,1384.691328,,,5
KOSPI,0148,TIGER 코리아휴머노이드로봇산업,13845.0,8.84,8162.0,9575144.0,1325.6786868,,,5
KOSPI,442580,PLUS 글로벌HBM반도체,119275.0,3.38,9840.0,973373.0,1160.99064575,,,5
KOSDAQ,222800,심텍,118100.0,1.64,44245.0,873955.0,1032.140855,-35.71,-32.1,5
KOSDAQ,027360,아주IB투자,12090.0,-11.36,14646.0,8256248.0,998.1803832,175.22,3.15,5
KOSPI,096770,SK이노베이션,119200.0,1.88,201511.0,806022.0,960.778224,-9.04,-14.42,5
KOSPI,011790,SKC,139300.0,1.53,52751.0,688861.0,959.583373,-7.42,-73.28,5
KOSDAQ,226950,올릭스,175100.0,-2.78,35546.0,477552.0,836.193552,-303.47,-18.83,5
KOSPI,471990,KODEX AI반도체핵심장비,30730.0,3.61,5163.0,2010422.0,617.8026806,,,5
KOSDAQ,417200,LS머트리얼즈,21350.0,-4.69,14444.0,2373585.0,506.7603975,3558.33,0.24,5
KOSPI,290130,RISE ESG사회책임투자,58730.0,3.58,5638.0,806378.0,473.5857994,,,5
KOSPI,226490,KODEX 코스피,86885.0,3.07,11990.0,540262.0,469.4066387,,,5
KOSDAQ,347700,스피어,38950.0,-7.15,19792.0,1171422.0,456.268869,7790.0,0.43,5
KOSPI,446770,ACE 글로벌반도체TOP4 Plus,92550.0,3.04,18186.0,478896.0,443.218248,,,5
KOSPI,237350,KODEX 코스피100,107960.0,3.62,11552.0,403134.0,435.2234664,,,5
KOSDAQ,090710,휴림로봇,10440.0,-2.34,12471.0,4084055.0,426.375342,-74.57,-13.42,5
KOSDAQ,141080,리가켐바이오,151100.0,-2.52,55936.0,273960.0,413.95356,-74.47,-13.22,5
KOSDAQ,298380,에이비엘바이오,111900.0,-2.27,62650.0,355097.0,397.353543,-254.9,-23.48,5
KOSPI,494220,UNICORN SK하이닉스밸류체인액티브,53995.0,0.04,2376.0,719960.0,388.742402,,,5
KOSPI,001340,PKC,6980.0,-9.11,3139.0,5180364.0,361.5894072,54.11,4.63,5
KOSPI,0151,KODEX 미국AI반도체TOP3플러스,17825.0,3.18,2522.0,1925254.0,343.1765255,,,5
KOSPI,0163,KoAct 코스닥액티브,12015.0,-3.18,6512.0,2790048.0,335.2242672,,,5
KOSPI,069660,KIWOOM 200,135315.0,4.29,9878.0,241791.0,327.17949165,,,5
KOSPI,117700,KODEX 건설,8010.0,1.52,2395.0,3808206.0,305.0373006,,,5
KOSPI,157500,TIGER 증권,17785.0,-1.11,4016.0,1574997.0,280.11321645,,,5
KOSDAQ,263750,펄어비스,43650.0,-0.57,28044.0,571648.0,249.524352,-333.21,-1.05,5
KOSPI,496080,TIGER 코리아밸류업,39025.0,2.24,6459.0,620708.0,242.231297,,,5
KOSPI,457190,이수스페셜티케미컬,96300.0,-2.63,29101.0,229935.0,221.427405,-2602.7,0.61,5
KOSPI,474590,WON 반도체밸류체인액티브,52090.0,2.17,3568.0,423154.0,220.4209186,,,5
KOSPI,144600,KODEX 은선물(H),12410.0,3.68,10759.0,1765428.0,219.0896148,,,5
KOSPI,0162,TIME 코스닥액티브,10570.0,-2.72,3958.0,1997085.0,211.0918845,,,5
KOSPI,0015,KoAct 미국나스닥성장기업액티브,24375.0,3.66,7008.0,840796.0,204.944025,,,5
KOSPI,294400,KIWOOM 200TR,176435.0,3.68,23819.0,115386.0,203.5812891,,,5
KOSPI,008770,호텔신라,55100.0,-0.36,21626.0,364783.0,200.995433,-13.72,-14.46,5
KOSPI,494890,KODEX 200액티브,39000.0,3.72,13611.0,510521.0,199.10319,,,5
KOSDAQ,115500,케이씨에스,16500.0,-5.12,1980.0,1186740.0,195.8121,75.0,13.11,5
KOSPI,0105,SOL 코리아고배당,13625.0,0.15,6145.0,1419990.0,193.4736375,,,5
KOSPI,490590,RISE 미국AI밸류체인데일리고정커버드콜,16950.0,3.45,7153.0,1130958.0,191.697381,,,5
KOSPI,385510,KODEX 신재생에너지액티브,50870.0,-1.51,5087.0,360881.0,183.5801647,,,5
KOSPI,377300,카카오페이,46550.0,3.22,62962.0,390438.0,181.748889,104.14,2.41,5
KOSPI,0019,TIME 미국나스닥100채권혼합50액티브,14500.0,1.79,3908.0,1151293.0,166.937485,,,5
KOSPI,423170,SOL 글로벌AI반도체탑픽액티브,68280.0,1.8,2526.0,238724.0,163.0007472,,,5
KOSPI,364970,TIGER 바이오TOP10,7530.0,-0.79,3181.0,2003198.0,150.8408094,,,5
KOSPI,020150,롯데에너지머티리얼즈,56100.0,-2.09,29377.0,267015.0,149.795415,-26.89,-10.54,5
KOSPI,279530,KODEX 고배당주,17835.0,1.11,3888.0,825240.0,147.181554,,,5
KOSDAQ,125490,한라캐스트,14660.0,-2.85,5351.0,975909.0,143.0682594,127.48,6.52,5
KOSPI,491620,RISE 미국테크100데일리고정커버드콜,12235.0,1.54,4594.0,1165957.0,142.65483895,,,5
KOSPI,433500,ACE 원자력TOP10,73055.0,0.2,3799.0,193634.0,141.4593187,,,5
KOSPI,139230,TIGER 200 중공업,17830.0,0.71,3866.0,788595.0,140.6064885,,,5
KOSPI,495230,KoAct 코리아밸류업액티브,39085.0,2.25,3889.0,349313.0,136.52898605,,,5
KOSPI,483340,ACE 구글밸류체인액티브,27960.0,2.27,3383.0,461897.0,129.1464012,,,5
KOSPI,0151,RISE 코리아전략산업액티브,19690.0,2.18,2786.0,635584.0,125.1464896,,,5
KOSPI,091170,KODEX 은행,14515.0,0.17,5610.0,838891.0,121.76502865,,,5
KOSPI,461950,KODEX 2차전지핵심소재10,7360.0,1.1,2506.0,1646819.0,121.2058784,,,5
KOSPI,485540,KODEX 미국AI테크TOP10,17300.0,2.52,3348.0,676054.0,116.957342,,,5
KOSPI,484880,SOL 금융지주플러스고배당,20520.0,-0.97,3417.0,567905.0,116.534106,,,5
KOSPI,270810,RISE 코스닥150,18610.0,-2.16,4399.0,600735.0,111.7967835,,,5
KOSDAQ,281740,레이크머티리얼즈,18390.0,-3.67,12088.0,578129.0,106.3179231,157.18,5.8,5
KOSPI,244580,KODEX 바이오,11020.0,-2.86,2636.0,952655.0,104.982581,,,5
KOSPI,489030,PLUS 고배당주위클리커버드콜,7010.0,-0.78,3274.0,1457747.0,102.1880647,,,5
KOSPI,449180,KODEX 미국S&P500(H),16995.0,0.89,9322.0,563638.0,95.7902781,,,5
KOSDAQ,383310,에코프로에이치엔,31900.0,-1.24,6691.0,292153.0,93.196807,50.63,4.4,5
KOSPI,385560,RISE KIS국고채30년Enhanced,58330.0,2.73,8482.0,154844.0,90.3205052,,,5
KOSPI,446720,SOL 미국배당다우존스,14250.0,0.07,9975.0,598748.0,85.32159,,,5
KOSPI,092790,넥스틸,14710.0,-8.06,3825.0,567493.0,83.4782203,20.37,7.76,5
KOSPI,368590,RISE 미국나스닥100,33660.0,1.62,15820.0,244715.0,82.371069,,,5
KOSDAQ,112290,와이씨켐,13990.0,-4.11,2829.0,558422.0,78.1232378,40.55,9.88,5
KOSDAQ,200470,에이팩트,8600.0,-6.93,3643.0,875619.0,75.303234,62.77,8.33,5
KOSDAQ,452280,한선엔지니어링,27950.0,-0.71,5380.0,250725.0,70.0776375,240.95,14.04,5
KOSPI,105840,우진,20100.0,-3.13,4060.0,345510.0,69.44751,30.18,4.48,5
KOSPI,481060,KODEX 미국30년국채타겟커버드콜(합성 H),7795.0,0.65,8582.0,877179.0,68.37610305,,,5
KOSPI,0025,TIGER TDF2045 적격,12695.0,0.59,7141.0,538122.0,68.3145879,,,5
KOSPI,499790,GS피앤엘,43500.0,-3.12,8626.0,154859.0,67.363665,36.86,2.29,5
KOSPI,248070,솔루엠,20000.0,-1.72,9563.0,328014.0,65.6028,76.05,2.74,5
KOSPI,379780,RISE 미국S&P500,24750.0,1.12,15469.0,264673.0,65.5065675,,,5
KOSDAQ,036200,유니셈,10940.0,-7.52,3355.0,590774.0,64.6306756,32.27,3.81,5
KOSDAQ,046120,오르비텍,8200.0,-3.42,2776.0,764093.0,62.655626,16.4,1.34,5
KOSDAQ,0009,에임드바이오,34400.0,-5.75,22247.0,181678.0,62.497232,373.91,5.13,5
KOSPI,214980,KODEX 단기채권PLUS,114660.0,0.0,21064.0,52535.0,60.236631,,,5
KOSDAQ,474610,RF시스템즈,10530.0,-16.89,1507.0,543664.0,57.2478192,23.14,11.29,5
KOSDAQ,199820,제일일렉트릭,11800.0,-3.83,2622.0,482246.0,56.905028,39.6,4.28,5
KOSDAQ,041020,폴라리스오피스,4110.0,-1.32,2042.0,1372958.0,56.4285738,34.54,5.45,5
KOSPI,458760,TIGER 미국배당다우존스타겟커버드콜2호,11515.0,0.3,7283.0,477600.0,54.99564,,,5
KOSPI,272580,TIGER 단기채권액티브,56685.0,0.02,7841.0,95512.0,54.1409772,,,5
KOSDAQ,102120,어보브반도체,11390.0,-4.92,2025.0,377894.0,43.0421266,20.02,8.76,5
KOSPI,001250,GS글로벌,3245.0,-5.67,2678.0,1316570.0,42.7226965,15.38,3.71,5
KOSDAQ,001540,안국약품,11500.0,5.12,1500.0,328879.0,37.821085,9.22,4.52,5
KOSDAQ,372320,큐로셀,31550.0,0.32,4804.0,110082.0,34.730871,-9.46,55.22,5
KOSPI,010780,아이에스동서,28800.0,-4.48,8694.0,119736.0,34.483968,8.93,-4.13,5
KOSPI,025820,이구산업,5250.0,-4.37,1756.0,625859.0,32.8575975,8.23,7.74,5
KOSDAQ,039440,에스티아이,28700.0,-1.88,4451.0,113328.0,32.525136,25.83,5.63,5
KOSPI,018880,한온시스템,5630.0,10.39,57779.0,84024708.0,4730.5910604,-43.31,-6.0,4
KOSDAQ,086520,에코프로,139000.0,-3.94,188729.0,1977504.0,2748.73056,-126.02,-8.39,4
KOSPI,367760,RISE 네트워크인프라,88015.0,9.16,8185.0,2813969.0,2476.71481535,,,4
KOSPI,0190,RISE 현대차고정피지컬AI,14600.0,13.57,4292.0,15043263.0,2196.316398,,,4
KOSPI,466930,SOL 자동차TOP3플러스,41465.0,12.81,5183.0,3349590.0,1388.9074935,,,4
KOSPI,454910,두산로보틱스,106500.0,6.08,69033.0,1281197.0,1364.474805,-125.0,-14.78,4
KOSDAQ,477850,마키나락스,37900.0,5.28,6648.0,2517196.0,954.017284,,-160.84,4
KOSPI,336260,두산퓨얼셀,91400.0,-7.21,59861.0,978271.0,894.139694,-55.06,-30.66,4
KOSDAQ,950160,코오롱티슈진,98900.0,-4.54,83804.0,709978.0,702.168242,-42.19,-183.43,4
KOSPI,332500,ACE 200TR,91105.0,4.19,2733.0,687132.0,626.0116086,,,4
KOSDAQ,036540,SFA반도체,8320.0,-7.56,13683.0,7232722.0,601.7624704,-113.97,-3.93,4
KOSDAQ,189300,인텔리안테크,133100.0,-11.27,14292.0,360648.0,480.022488,40.74,2.81,4
KOSDAQ,490470,세미파이브,38500.0,-3.14,13090.0,1125112.0,433.16812,-19.46,-31.2,4
KOSPI,0023,SOL 미국양자컴퓨팅TOP10,38940.0,8.15,6308.0,1042311.0,405.8759034,,,4
KOSDAQ,032500,케이엠더블유,33350.0,6.89,14071.0,1208545.0,403.0497575,-51.23,-19.66,4
KOSDAQ,007390,네이처셀,30400.0,-5.88,19588.0,1304503.0,396.568912,-706.98,-4.45,4
KOSDAQ,445680,큐리옥스바이오시스템즈,90400.0,-2.48,15552.0,381307.0,344.701528,-57.84,-53.58,4
KOSPI,469070,RISE AI&로봇,16270.0,7.86,5320.0,1791561.0,291.4869747,,,4
KOSPI,0005,SOL 전고체배터리&실리콘음극재,22685.0,-0.33,2234.0,1241269.0,281.58187265,,,4
KOSPI,471760,TIGER AI반도체핵심공정,19600.0,-1.88,1784.0,1433732.0,281.011472,,,4
KOSPI,0115,KODEX 조선TOP10,10325.0,-1.67,2282.0,2626823.0,271.21947475,,,4
KOSPI,315960,RISE 대형고배당10TR,96830.0,3.31,7311.0,279723.0,270.8557809,,,4
KOSPI,396520,TIGER 차이나반도체FACTSET,15835.0,-5.66,3914.0,1517893.0,240.35835655,,,4
KOSPI,093370,후성,11470.0,-3.53,12302.0,2061958.0,236.5065826,-266.74,1.61,4
KOSDAQ,099320,쎄트렉아이,133700.0,-4.43,14642.0,173351.0,231.770287,121.88,6.31,4
KOSPI,421320,PLUS 우주항공,42680.0,-5.06,3350.0,537418.0,229.3700024,,,4
KOSPI,457990,PLUS 태양광&ESS,45885.0,-0.99,1881.0,497228.0,228.1530678,,,4
KOSPI,0182,1Q K반도체TOP2+,14705.0,1.59,2250.0,1532940.0,225.418827,,,4
KOSPI,307520,TIGER 지주회사,26305.0,3.48,4182.0,808437.0,212.65935285,,,4
KOSDAQ,144960,뉴파워프라즈마,8400.0,-11.21,3670.0,2470355.0,207.50982,43.08,3.1,4
KOSPI,377990,TIGER Fn신재생에너지,33420.0,-2.05,2039.0,590916.0,197.4841272,,,4
KOSPI,0053,TIGER 차이나휴머노이드로봇,13155.0,-3.27,3716.0,1428158.0,187.8741849,,,4
KOSPI,385720,TIME 코스피액티브,33210.0,3.75,5247.0,493699.0,163.9574379,,,4
KOSPI,471780,TIGER 코리아테크액티브,46850.0,4.59,2994.0,345500.0,161.86675,,,4
KOSPI,241180,TIGER 일본니케이225,37960.0,3.38,3485.0,420840.0,159.750864,,,4
KOSPI,463050,TIME K바이오액티브,15950.0,-3.51,3270.0,918877.0,146.5608815,,,4
KOSPI,471040,KoAct 글로벌AI&로봇액티브,37580.0,4.39,3232.0,383938.0,144.2839004,,,4
KOSPI,451060,1Q 200액티브,43470.0,3.85,5021.0,322102.0,140.0177394,,,4
KOSPI,495060,TIME 코리아밸류업액티브,38715.0,4.23,2962.0,358148.0,138.6569982,,,4
KOSPI,361580,RISE 200TR,76570.0,3.66,5972.0,167997.0,128.6353029,,,4
KOSPI,414780,TIGER 차이나과창판STAR50(합성),15940.0,-4.81,2606.0,801501.0,127.7592594,,,4
KOSPI,388420,RISE 비메모리반도체액티브,38325.0,3.79,3603.0,331494.0,127.0450755,,,4
KOSPI,0093,RISE AI반도체TOP10,38635.0,-0.82,2183.0,317610.0,122.7086235,,,4
KOSPI,011170,롯데케미칼,80700.0,-0.98,34520.0,144225.0,116.389575,-1.92,-15.13,4
KOSPI,466950,TIGER 글로벌AI액티브,41255.0,4.28,5871.0,273828.0,112.9677414,,,4
KOSDAQ,121600,나노신소재,66800.0,-5.25,8185.0,167396.0,111.820528,110.6,0.67,4
KOSDAQ,200710,에이디테크놀로지,39600.0,1.67,5331.0,276378.0,109.445688,147.76,2.71,4
KOSDAQ,058970,엠로,26550.0,7.71,3282.0,390639.0,103.7146545,111.55,3.19,4
KOSPI,0104,TIGER 200타겟위클리커버드콜,26430.0,3.34,2643.0,381208.0,100.7532744,,,4
KOSDAQ,330860,네패스아크,41200.0,-7.42,5020.0,244540.0,100.75048,69.24,2.05,4
KOSPI,483280,KODEX 미국AI테크TOP10타겟커버드콜,13690.0,2.09,5736.0,714854.0,97.8635126,,,4
KOSPI,0052,TIGER 코리아배당다우존스,16415.0,1.83,4366.0,589746.0,96.8068059,,,4
KOSPI,302440,SK바이오사이언스,40900.0,2.25,32089.0,235893.0,96.480237,-38.51,-3.2,4
KOSPI,484790,KODEX 미국30년국채액티브(H),8570.0,0.94,6614.0,1087988.0,93.2405716,,,4
KOSPI,0046,TIGER 미국초단기(3개월이하)국채,10415.0,0.29,3717.0,871407.0,90.75703905,,,4
KOSDAQ,089010,켐트로닉스,35700.0,-3.25,5987.0,245667.0,87.703119,58.43,4.6,4
KOSPI,489250,KODEX 미국배당다우존스,13400.0,0.07,5481.0,645419.0,86.486146,,,4
KOSDAQ,060370,LS마린솔루션,32800.0,-1.5,17134.0,262876.0,86.223328,127.13,2.0,4
KOSPI,314250,KODEX 미국빅테크10(H),61000.0,1.86,6991.0,141016.0,86.01976,,,4
KOSPI,447770,TIGER 테슬라채권혼합Fn,14970.0,0.77,5734.0,536719.0,80.3468343,,,4
KOSPI,004990,롯데지주,25450.0,-1.36,25364.0,314411.0,80.0175995,-5.06,-10.51,4
KOSPI,481190,SOL 미국테크TOP10,18990.0,1.66,3409.0,417972.0,79.3728828,,,4
KOSPI,458250,TIGER 미국30년국채스트립액티브(합성 H),36630.0,1.98,5188.0,211165.0,77.3497395,,,4
KOSPI,482730,TIGER 미국S&P500타겟데일리커버드콜,12980.0,1.33,6308.0,594927.0,77.2215246,,,4
KOSPI,472160,TIGER 미국테크TOP10 INDXX(H),19675.0,1.29,2951.0,383144.0,75.383582,,,4
KOSPI,448630,RISE 삼성그룹Top3채권혼합,15595.0,1.27,3712.0,464361.0,72.41709795,,,4
KOSPI,228790,TIGER 화장품,3490.0,-1.69,2532.0,2066758.0,72.1298542,,,4
KOSPI,0048,KODEX 미국머니마켓액티브,15060.0,0.27,6852.0,477024.0,71.8398144,,,4
KOSDAQ,123860,아나패스,19030.0,2.98,2307.0,370555.0,70.5166165,78.96,3.67,4
KOSPI,426020,TIME 미국S&P500액티브,35760.0,2.32,3669.0,193335.0,69.136596,,,4
KOSDAQ,044490,태웅,36650.0,-1.08,7333.0,188437.0,69.0621605,89.83,0.89,4
KOSPI,004090,한국석유,12650.0,-4.02,1606.0,537113.0,67.9447945,21.89,2.59,4
KOSPI,478150,TIME 글로벌우주테크&방산액티브,25375.0,1.62,3946.0,259500.0,65.848125,,,4
KOSPI,449190,KODEX 미국나스닥100(H),22890.0,1.31,6123.0,278553.0,63.7607817,,,4
KOSPI,295040,SOL 200TR,50580.0,4.12,7739.0,122879.0,62.1521982,,,4
KOSPI,422420,RISE 2차전지액티브,9925.0,0.2,3172.0,623053.0,61.83801025,,,4
KOSDAQ,085910,네오티스,31600.0,0.0,4403.0,187599.0,59.281284,80.82,7.84,4
KOSPI,435420,TIGER 미국나스닥100채권혼합50,14840.0,0.68,4081.0,397350.0,58.96674,,,4
KOSPI,157450,TIGER 단기통안채,111820.0,0.01,13642.0,52168.0,58.3342576,,,4
KOSPI,434060,KODEX TDF2050액티브 적격,18550.0,0.51,6353.0,312003.0,57.8765565,,,4
KOSPI,472870,RISE 미국30년국채엔화노출(합성 H),7810.0,0.71,3038.0,733428.0,57.2807268,,,4
KOSPI,0038,KODEX 미국휴머노이드로봇,19035.0,2.37,3426.0,282426.0,53.7597891,,,4
KOSPI,474220,TIGER 미국테크TOP10타겟커버드콜,16905.0,1.5,5131.0,309147.0,52.26130035,,,4
KOSPI,0040,SOL 팔란티어커버드콜OTM채권혼합,8610.0,1.29,3939.0,601480.0,51.787428,,,4
KOSPI,402970,ACE 미국배당다우존스,15830.0,0.06,8944.0,305215.0,48.3155345,,,4
KOSPI,012610,경인양행,4965.0,-1.29,2066.0,792282.0,39.3368013,24.82,2.35,4
KOSPI,285130,SK케미칼,43150.0,-0.92,7464.0,91152.0,39.332088,66.8,2.0,4
KOSDAQ,264850,이랜시스,6490.0,-2.41,1966.0,602819.0,39.1229531,43.27,8.01,4
KOSPI,278540,KODEX MSCI Korea TR,47815.0,4.43,32419.0,77996.0,37.2937874,,,4
KOSPI,310970,TIGER MSCI Korea TR,59980.0,4.01,63159.0,57620.0,34.560476,,,4
KOSDAQ,0082,카나프테라퓨틱스,24750.0,-6.78,3271.0,139026.0,34.408935,-6.84,108.9,4
KOSDAQ,253450,스튜디오드래곤,26450.0,0.38,7950.0,129267.0,34.1911215,77.11,1.34,4
KOSDAQ,489500,엘케이켐,31950.0,-7.12,2042.0,100281.0,32.0397795,38.22,9.26,4
KOSPI,008060,대덕,21550.0,0.47,6742.0,147164.0,31.713842,36.84,0.59,4
KOSPI,003000,부광약품,4855.0,-3.86,4790.0,647983.0,31.45957465,31.73,4.3,4
KOSDAQ,347850,디앤디파마텍,94600.0,-12.0,41439.0,3251016.0,3075.461136,-172.94,-31.49,3
KOSDAQ,439960,코스모로보틱스,37100.0,-10.17,11912.0,2568798.0,953.024058,-44.01,-659.24,3
KOSDAQ,456010,아이씨티케이,33650.0,7.34,4715.0,2523710.0,849.228415,-80.5,-15.36,3
KOSDAQ,382840,원준,10010.0,-0.3,1529.0,5491620.0,549.711162,-11.63,-11.68,3
KOSDAQ,033160,엠케이전자,21500.0,-27.49,5202.0,2357518.0,506.86637,358.33,0.37,3
KOSDAQ,048410,현대바이오,11570.0,-12.02,11166.0,3493947.0,404.2496679,-52.12,-29.47,3
KOSPI,336370,솔루스첨단소재,11690.0,25.7,8208.0,3031670.0,354.402223,-24.61,-9.15,3
KOSDAQ,417010,나노팀,13150.0,-10.24,2653.0,2620716.0,344.624154,263.0,2.13,3
KOSDAQ,064290,인텍플러스,42100.0,4.86,5416.0,786508.0,331.119868,-163.81,-7.24,3
KOSPI,491820,HANARO 전력설비투자,56510.0,-3.24,2204.0,473498.0,267.5737198,,,3
KOSPI,004710,한솔테크닉스,12480.0,-0.56,3921.0,2036032.0,254.0967936,-25.01,-4.1,3
KOSDAQ,420770,기가비스,141400.0,8.19,17924.0,179630.0,253.99682,116.0,7.42,3
KOSPI,0177,ACE K휴머노이드로봇산업TOP2+,14500.0,5.84,1610.0,1650765.0,239.360925,,,3
KOSPI,139220,TIGER 200 건설,9280.0,3.63,1787.0,2454184.0,227.7482752,,,3
KOSDAQ,126340,비나텍,149000.0,-2.04,10644.0,136742.0,203.74558,-167.79,-7.14,3
KOSPI,293180,HANARO 200,135760.0,4.2,6788.0,147871.0,200.7496696,,,3
KOSDAQ,323280,태성,57300.0,-3.05,17498.0,344530.0,197.41569,-1005.26,-3.0,3
KOSDAQ,466100,클로봇,44000.0,5.39,11202.0,446191.0,196.32404,-505.75,-3.58,3
KOSDAQ,033790,피노,10500.0,-3.58,8645.0,1761770.0,184.98585,110.53,-7.58,3
KOSDAQ,161580,필옵틱스,43250.0,-6.18,10139.0,426945.0,184.6537125,-40.38,-14.67,3
KOSDAQ,475830,오름테라퓨틱,67800.0,-3.14,14586.0,253481.0,171.860118,-33.63,-33.22,3
KOSDAQ,138080,오이솔루션,34750.0,0.0,4301.0,494466.0,171.826935,-19.77,-39.08,3
KOSPI,017900,광전자,10580.0,-5.54,6130.0,1618547.0,171.2422726,101.73,1.77,3
KOSPI,0168,TIGER 기술이전바이오액티브,8535.0,-3.67,1564.0,1850582.0,157.9471737,,,3
KOSDAQ,174900,앱클론,37550.0,-5.53,7492.0,419276.0,157.438138,-50.61,-39.86,3
KOSDAQ,389500,에스비비테크,76800.0,-2.17,5118.0,191196.0,146.838528,-29.85,-76.71,3
KOSDAQ,140410,메지온,65500.0,-5.21,19907.0,223408.0,146.33224,-56.47,-110.44,3
KOSDAQ,253590,네오셈,14120.0,-8.84,6194.0,1017514.0,143.6729768,105.37,4.55,3
KOSPI,0048,KODEX 차이나휴머노이드로봇,10910.0,-5.5,2258.0,1294280.0,141.205948,,,3
KOSDAQ,125020,티씨머티리얼즈,7400.0,-8.87,2593.0,1880176.0,139.133024,54.81,2.49,3
KOSDAQ,012210,삼미금속,11890.0,5.5,2639.0,1152686.0,137.0543654,154.42,2.03,3
KOSDAQ,388210,씨엠티엑스,106200.0,-0.93,10253.0,127041.0,134.917542,-32.74,-35.89,3
KOSPI,481180,SOL 미국AI소프트웨어,15420.0,5.58,1696.0,774191.0,119.3802522,,,3
KOSPI,005070,코스모신소재,52200.0,-4.4,17338.0,221529.0,115.638138,-282.16,-0.11,3
KOSDAQ,046890,서울반도체,12890.0,-5.64,7516.0,834912.0,107.6201568,-27.6,-7.95,3
KOSPI,337160,KODEX 200ESG,58495.0,4.13,1989.0,177689.0,103.93918055,,,3
KOSPI,138520,TIGER 삼성그룹,44730.0,6.97,1852.0,230195.0,102.9662235,,,3
KOSDAQ,204270,제이앤티씨,21150.0,-4.73,12235.0,478187.0,101.1365505,-13.36,-31.32,3
KOSPI,006280,녹십자,141400.0,-0.91,16525.0,70791.0,100.098474,-118.92,-0.38,3
KOSDAQ,328130,루닛,16760.0,0.6,12467.0,595044.0,99.7293744,-15.61,-31.58,3
KOSPI,0092,SOL 한국원자력SMR,19305.0,0.42,1708.0,489848.0,94.5651564,,,3
KOSPI,354500,ACE 코스닥150,18860.0,-2.08,1773.0,498485.0,94.014271,,,3
KOSDAQ,107640,한중엔시에스,52800.0,-5.71,4786.0,177415.0,93.67512,84.48,4.52,3
KOSPI,483320,ACE 엔비디아밸류체인액티브,29225.0,3.18,3639.0,300743.0,87.89214175,,,3
KOSDAQ,056080,유진로봇,20550.0,-2.84,7709.0,419125.0,86.1301875,-90.53,-21.68,3
KOSPI,497880,SOL CD금리&머니마켓액티브,50015.0,-0.03,2497.0,165561.0,82.80533415,,,3
KOSPI,003030,세아제강지주,153200.0,-4.84,6345.0,53837.0,82.478284,49.42,3.11,3
KOSPI,0094,RISE 코리아밸류업위클리고정커버드콜,22560.0,1.78,1624.0,361224.0,81.4921344,,,3
KOSPI,000210,DL,54300.0,-0.91,11379.0,146736.0,79.677648,-21.46,-2.17,3
KOSPI,0000,PLUS 한화그룹주,35640.0,-1.94,2067.0,215155.0,76.681242,,,3
KOSPI,325010,KODEX 성장주,54340.0,2.04,2011.0,133301.0,72.4357634,,,3
KOSPI,452260,한화갤러리아,3010.0,-1.95,5835.0,2283069.0,68.7203769,86.0,0.41,3
KOSPI,0089,KODEX 금융고배당TOP10,12690.0,0.36,2322.0,539883.0,68.5111527,,,3
KOSPI,498270,KIWOOM 미국양자컴퓨팅,18600.0,6.65,2939.0,360306.0,67.016916,,,3
KOSDAQ,127120,제이에스링크,41450.0,2.09,14350.0,160842.0,66.669009,-68.97,-35.13,3
KOSPI,310960,TIGER 200TR,78215.0,3.23,4067.0,73071.0,57.15248265,,,3
KOSDAQ,042370,비츠로테크,12860.0,-3.16,3369.0,439128.0,56.4718608,66.29,2.68,3
KOSPI,286940,롯데이노베이트,22450.0,12.25,3397.0,250585.0,56.2563325,29.85,2.35,3
KOSPI,0153,KODEX 주주환원고배당주,12000.0,0.8,1956.0,447835.0,53.7402,,,3
KOSDAQ,348370,엔켐,35100.0,-0.71,7691.0,148360.0,52.07436,-11.14,-14.37,3
KOSDAQ,085660,차바이오텍,13470.0,-0.74,12523.0,379834.0,51.1636398,-8.79,-37.19,3
KOSPI,442320,RISE 글로벌원자력,45430.0,1.02,3239.0,106430.0,48.351149,,,3
KOSPI,461490,RISE 글로벌자산배분액티브,15230.0,0.86,3419.0,316803.0,48.2490969,,,3
KOSPI,476760,ACE 미국30년국채액티브,10115.0,1.2,3065.0,462336.0,46.7652864,,,3
KOSPI,453870,TIGER 인도니프티50,12465.0,1.76,3652.0,371219.0,46.27244835,,,3
KOSPI,472170,TIGER 미국테크TOP10채권혼합,14775.0,0.68,3642.0,302187.0,44.64812925,,,3
KOSPI,442570,RISE TDF2050액티브 적격,18930.0,1.12,2622.0,233696.0,44.2386528,,,3
KOSDAQ,094170,동운아나텍,39250.0,-1.87,8207.0,112242.0,44.054985,144.83,1.45,3
KOSPI,329750,TIGER 미국달러단기채권액티브,14125.0,0.32,5673.0,288331.0,40.72675375,,,3
KOSPI,130660,한전산업,13960.0,-2.51,4551.0,290673.0,40.5779508,126.91,3.71,3
KOSDAQ,125210,아모그린텍,10260.0,-5.09,1693.0,393348.0,40.3575048,27.65,7.77,3
KOSDAQ,226590,엠디바이스,17430.0,-6.14,1868.0,229571.0,40.0142253,187.42,29.23,3
KOSPI,0047,TIGER 차이나테크TOP10,15830.0,0.64,2857.0,251699.0,39.8439517,,,3
KOSPI,114260,KODEX 국고채3년,61390.0,0.18,5611.0,64401.0,39.5357739,,,3
KOSDAQ,112040,위메이드,19540.0,2.84,6634.0,193484.0,37.8067736,25.78,-4.45,3
KOSPI,453810,KODEX 인도Nifty50,12625.0,1.81,3844.0,299091.0,37.76023875,,,3
KOSPI,493810,TIGER 미국AI빅테크10타겟데일리커버드콜,13210.0,1.85,2801.0,282054.0,37.2593334,,,3
KOSPI,0144,KODEX 미국성장커버드콜액티브,10845.0,1.5,3942.0,343283.0,37.22904135,,,3
KOSPI,0111,1Q 미국나스닥100미국채혼합50액티브,11920.0,0.93,2658.0,304676.0,36.3173792,,,3
KOSPI,475080,KODEX 테슬라커버드콜채권혼합액티브,8680.0,0.52,3416.0,415230.0,36.041964,,,3
KOSPI,490490,SOL 미국배당미국채혼합50,11865.0,0.38,4532.0,296686.0,35.2017939,,,3
KOSDAQ,380550,뉴로핏,14480.0,-4.17,1766.0,237066.0,34.3271568,-6.7,141.06,3
KOSPI,456610,TIGER 미국달러SOFR금리액티브(합성),64730.0,0.25,6618.0,52586.0,34.0389178,,,3
KOSDAQ,041920,메디아나,17360.0,5.85,3229.0,192663.0,33.4462968,53.09,4.01,3
KOSDAQ,025320,시노펙스,4980.0,-1.58,4590.0,669142.0,33.3232716,97.65,4.34,3
KOSDAQ,187790,나노,6410.0,-4.75,1977.0,518808.0,33.2555928,80.12,19.01,3
KOSDAQ,054920,한컴위드,5370.0,-3.24,1515.0,596912.0,32.0541744,25.94,5.53,3
KOSPI,486450,SOL 미국AI전력인프라,25100.0,0.95,3125.0,123883.0,31.094633,,,3
KOSDAQ,090360,로보스타,94000.0,20.98,9165.0,1791029.0,1683.56726,-445.5,-5.82,2
KOSDAQ,242040,나무기술,8780.0,17.22,3038.0,16470136.0,1446.0779408,-225.13,-8.02,2
KOSDAQ,077360,덕산하이메탈,12990.0,-15.7,5902.0,6441936.0,836.8074864,-5.92,-40.79,2
KOSDAQ,069540,빛과전자,4820.0,-13.93,4719.0,15247829.0,734.9453578,-12.68,-32.62,2
KOSDAQ,274090,켄코아에어로스페이스,26750.0,-10.54,3673.0,1416288.0,378.85704,-24.98,-9.01,2
KOSDAQ,397030,에이프릴바이오,63800.0,-8.86,14938.0,439563.0,280.441194,-144.34,-10.39,2
KOSDAQ,024060,흥구석유,12480.0,-7.9,1872.0,2071092.0,258.4722816,462.22,0.2,2
KOSPI,0005,IBK K-AI반도체코어테크,75230.0,9.81,2445.0,335185.0,252.1596755,,,2
KOSDAQ,357880,SKAI,5080.0,-5.4,2648.0,4832858.0,245.5091864,-11.6,-129.35,2
KOSPI,363580,KODEX 200IT TR,75365.0,9.26,2487.0,322408.0,242.9827892,,,2
KOSDAQ,0007,아크릴,32300.0,6.25,2594.0,713766.0,230.546418,-67.57,-23.95,2
KOSPI,092200,디아이씨,8480.0,3.41,3298.0,2628884.0,222.9293632,-26.17,-7.24,2
KOSPI,006110,삼아알미늄,72800.0,-16.23,11010.0,305709.0,222.556152,-40.65,-10.79,2
KOSDAQ,491000,리브스메드,51900.0,-8.47,12977.0,423049.0,219.562431,-50.63,-20.75,2
KOSDAQ,393890,더블유씨피,15980.0,-7.42,5408.0,1310816.0,209.4683968,-3.34,-17.4,2
KOSDAQ,046970,우리로,7710.0,-4.7,3379.0,2283807.0,176.0815197,130.68,-2.0,2
KOSPI,011930,신성이엔지,24000.0,-5.51,4940.0,728191.0,174.76584,-157.89,-2.97,2
KOSDAQ,355150,코스텍시스,38350.0,-7.37,2990.0,454183.0,174.1791805,403.68,-2.51,2
KOSDAQ,358570,지아이이노베이션,14480.0,-8.93,9306.0,1198436.0,173.5335328,-26.52,-48.28,2
KOSDAQ,062970,한국첨단소재,3105.0,2.64,1773.0,5557586.0,172.5630453,-9.44,-134.86,2
KOSDAQ,348340,뉴로메카,53300.0,-3.96,6589.0,313285.0,166.980905,-15.3,-177.53,2
KOSDAQ,308080,바이젠셀,13590.0,3.11,2786.0,1031050.0,140.119695,-17.03,-32.09,2
KOSPI,005250,녹십자홀딩스,12920.0,-3.51,6076.0,980897.0,126.7318924,-7.13,-7.34,2
KOSPI,0040,SOL 팔란티어미국채커버드콜혼합,10045.0,3.56,2190.0,976961.0,98.13573245,,,2
KOSDAQ,160190,하이젠알앤엠,29700.0,-7.62,9174.0,302606.0,89.873982,-129.69,-8.13,2
KOSPI,325020,KODEX 배당가치,32660.0,4.31,1633.0,269971.0,88.1725286,,,2
KOSDAQ,064260,다날,6160.0,0.65,4660.0,1299414.0,80.0439024,-6.77,-21.22,2
KOSPI,277630,TIGER 코스피,88090.0,3.23,5462.0,82165.0,72.3791485,,,2
KOSDAQ,348210,넥스틴,67400.0,-5.47,7062.0,104163.0,70.205862,-286.81,-1.6,2
KOSDAQ,025980,아난티,5000.0,-1.96,4865.0,1299762.0,64.9881,-9.07,-5.62,2
KOSDAQ,073490,LIG아큐버,42200.0,0.72,3209.0,149683.0,63.166226,110.18,-0.71,2
KOSPI,367770,RISE 수소경제테마,31500.0,3.87,1764.0,194485.0,61.262775,,,2
KOSDAQ,365270,큐라클,15750.0,0.9,3476.0,374876.0,59.04297,-17.25,-54.03,2
KOSDAQ,388720,유일로보틱스,84800.0,-1.4,9991.0,64640.0,54.81472,-39.66,-26.71,2
KOSDAQ,060280,큐렉소,11530.0,-5.65,4757.0,465708.0,53.6961324,221.73,2.92,2
KOSDAQ,462350,이노스페이스,15380.0,0.2,3210.0,348976.0,53.6725088,-4.42,-156.1,2
KOSPI,460860,동국제강,10950.0,-4.28,5432.0,429944.0,47.078868,45.25,0.46,2
KOSPI,361610,SK아이이테크놀로지,19310.0,-2.23,15793.0,239308.0,46.2103748,-5.56,-8.58,2
KOSPI,455860,SOL 2차전지소부장Fn,6680.0,-0.3,1637.0,677131.0,45.2323508,,,2
KOSPI,495550,SOL 코리아밸류업TR,39940.0,2.7,2297.0,112862.0,45.0770828,,,2
KOSDAQ,0015,그린광학,23000.0,-4.96,2692.0,187254.0,43.06842,110.58,4.44,2
KOSDAQ,052020,에스티큐브,14590.0,-2.67,9919.0,284713.0,41.5396267,-41.33,-26.2,2
KOSPI,0123,TIGER 미국AI전력SMR,8680.0,1.58,1944.0,469616.0,40.7626688,,,2
KOSPI,237370,KODEX 코리아배당성장채권혼합,16170.0,0.94,1843.0,249143.0,40.2864231,,,2
KOSPI,0074,KoAct K수출핵심기업TOP30액티브,22090.0,1.01,1856.0,182126.0,40.2316334,,,2
KOSPI,005090,SGC에너지,49950.0,0.71,7197.0,77980.0,38.95101,-12.98,-8.42,2
KOSPI,0051,SOL 미국원자력SMR,16650.0,1.83,2406.0,231993.0,38.6268345,,,2
KOSPI,483290,KODEX 미국배당다우존스타겟커버드콜,10850.0,-0.05,1638.0,349136.0,37.881256,,,2
KOSDAQ,101170,우림피티에스,13290.0,0.3,1794.0,280427.0,37.2687483,75.08,2.93,2
KOSPI,213610,KODEX 삼성그룹밸류,26580.0,6.32,3801.0,139576.0,37.0993008,,,2
KOSPI,0176,RISE 미국AI전력인프라액티브,12965.0,0.54,1698.0,267664.0,34.7026376,,,2
KOSPI,160580,TIGER 구리실물,16900.0,2.77,2053.0,200360.0,33.86084,,,2
KOSPI,132030,KODEX 골드선물(H),25535.0,3.01,3983.0,132307.0,33.78459245,,,2
KOSPI,0008,TIGER 미국배당다우존스타겟데일리커버드콜,10580.0,0.05,2391.0,310596.0,32.8610568,,,2
KOSDAQ,293490,카카오게임즈,9500.0,0.21,8530.0,325883.0,30.958885,-8.01,-7.93,2
KOSDAQ,448900,한국피아이엠,102100.0,3.13,6202.0,241627.0,246.701167,-11344.4,-0.11,1
KOSPI,005950,이수화학,13830.0,-11.06,3636.0,1581446.0,218.7139818,-147.13,-30.98,1
KOSDAQ,084990,헬릭스미스,6370.0,-15.74,2936.0,3214533.0,204.7657521,-707.78,-0.31,1
KOSDAQ,032580,피델릭스,5890.0,-13.51,1951.0,3441954.0,202.7310906,64.02,-6.42,1
KOSPI,012200,계양전기,7550.0,-4.07,2055.0,2222183.0,167.7748165,-5.91,-96.62,1
KOSDAQ,230240,에치에프알,31850.0,8.33,4239.0,517106.0,164.698261,-49.15,-0.21,1
KOSDAQ,354320,알멕,73200.0,-9.18,4678.0,185438.0,135.740616,-357.07,-0.9,1
KOSDAQ,042520,한스바이오메드,29100.0,-11.55,4150.0,453570.0,131.98887,-16.1,-62.32,1
KOSDAQ,108860,셀바스AI,11090.0,8.3,2985.0,921599.0,102.2053291,-61.96,-5.2,1
KOSDAQ,322310,오로스테크놀로지,26100.0,-3.87,2445.0,384018.0,100.228698,-38.05,-9.76,1
KOSDAQ,307180,아이엘,8470.0,4.57,3124.0,1172989.0,99.3521683,-21.44,-78.52,1
KOSDAQ,0011,채비,10860.0,-6.62,5099.0,823254.0,89.4053844,-12.08,-40.81,1
KOSDAQ,122640,예스티,26600.0,-5.0,5697.0,335057.0,89.125162,604.55,-0.45,1
KOSPI,456040,OCI,121500.0,-5.23,10877.0,73318.0,89.08137,-49.33,-5.37,1
KOSDAQ,092190,서울바이오시스,11520.0,-4.24,5284.0,703954.0,81.0955008,-34.29,-26.46,1
KOSPI,122090,PLUS 코스피50,102175.0,3.57,1808.0,73662.0,75.2641485,,,1
KOSDAQ,399720,가온칩스,58500.0,6.56,6926.0,124036.0,72.56106,-66.03,-23.17,1
KOSDAQ,036810,에프에스티,30500.0,-4.84,6603.0,231518.0,70.61299,-44.4,-5.05,1
KOSDAQ,187660,페니트리움바이오,6590.0,-6.39,3655.0,1021851.0,67.3399809,-25.35,-104.62,1
KOSDAQ,024850,HLB이노베이션,15700.0,-4.03,4985.0,396396.0,62.234172,-13.33,-14.64,1
KOSDAQ,304100,솔트룩스,18800.0,2.12,2368.0,317612.0,59.711056,-23.33,-15.27,1
KOSDAQ,317330,덕산테코피아,18090.0,-7.61,3704.0,293962.0,53.1777258,-4.89,-48.94,1
KOSDAQ,389470,인벤티지랩,50900.0,-4.14,6774.0,101862.0,51.847758,-66.62,-17.44,1
KOSDAQ,117730,티로보틱스,18290.0,-5.48,4126.0,282175.0,51.6098075,-8.2,-103.92,1
KOSDAQ,036710,심텍홀딩스,5410.0,-1.1,2858.0,879821.0,47.5983161,-15.73,-147.91,1
KOSDAQ,059120,아진엑스텍,8520.0,-5.54,1560.0,554971.0,47.2835292,76.07,2.05,1
KOSDAQ,478340,나라스페이스테크놀로지,26050.0,-2.98,3004.0,170522.0,44.420981,-33.27,-440.58,1
KOSDAQ,079370,제우스,12050.0,-2.67,3738.0,365305.0,44.0192525,-64.1,-1.74,1
KOSDAQ,278280,천보,49250.0,1.03,5999.0,88663.0,43.6665275,-7.72,-14.64,1
KOSDAQ,475960,토모큐브,45550.0,-0.44,6096.0,92047.0,41.9274085,-178.63,-11.91,1
KOSPI,002020,코오롱,57600.0,-4.48,7435.0,69479.0,40.019904,-6.17,-8.92,1
KOSDAQ,115180,큐리언트,27650.0,-7.37,10315.0,137619.0,38.0516535,-31.75,-71.44,1
KOSDAQ,091580,상신이디피,21000.0,-6.04,2799.0,179735.0,37.74435,139.07,1.28,1
KOSDAQ,382900,범한퓨얼셀,32650.0,4.31,2860.0,115275.0,37.6372875,179.4,0.98,1
KOSDAQ,163730,핑거,16700.0,-2.22,1571.0,225274.0,37.620758,521.88,0.64,1
KOSDAQ,365340,성일하이텍,61000.0,-3.63,7882.0,57442.0,35.03962,-8.94,-46.96,1
KOSPI,451530,TIGER 국고채30년스트립액티브,41705.0,3.19,1563.0,81571.0,34.01918555,,,1
KOSPI,001530,DI동일,24700.0,-0.4,5117.0,136833.0,33.797751,-92.16,-1.8,1
KOSDAQ,243840,신흥에스이씨,7170.0,-7.0,2765.0,470331.0,33.7227327,43.19,-1.63,1
KOSPI,0064,KODEX 금액티브,14205.0,3.31,2251.0,213858.0,30.3785289,,,1
KOSDAQ,494120,큐리오시스,32550.0,-13.2,2484.0,464394.0,151.160247,-27.1,-41.49,0
KOSDAQ,024840,KBI메탈,5370.0,-9.6,2187.0,2643350.0,141.947895,-5370.0,-0.04,0
KOSDAQ,418420,라온텍,7020.0,-20.59,2155.0,1836363.0,128.9126826,-28.42,-39.94,0
KOSDAQ,290690,소룩스,5010.0,-9.24,2472.0,2524753.0,126.4901253,-31.51,-9.12,0
KOSDAQ,216080,제테마,5690.0,9.85,2122.0,1998423.0,113.7102687,-30.92,-9.59,0
KOSDAQ,199800,툴젠,48100.0,-21.28,4328.0,186186.0,89.555466,-11.48,-64.34,0
KOSPI,092220,KEC,4965.0,-3.59,1994.0,1795376.0,89.1404184,-6.79,-7.87,0
KOSDAQ,209640,와이제이링크,6750.0,-5.86,1920.0,1219763.0,82.3340025,143.62,-4.06,0
KOSDAQ,396270,넥스트칩,4675.0,7.84,1537.0,1687924.0,78.910447,-8.97,-118.34,0
KOSDAQ,321370,센서뷰,3115.0,-7.57,1609.0,2400437.0,74.77361255,-8.58,-94.38,0
KOSDAQ,432720,퀄리타스반도체,16060.0,-6.3,2279.0,454095.0,72.927657,-10.06,-53.09,0
KOSDAQ,381620,제닉스로보틱스,11610.0,-5.3,1523.0,603718.0,70.0916598,-20.81,-13.87,0
KOSDAQ,159010,아스플로,17860.0,-6.83,2382.0,374324.0,66.8542664,-34.75,-19.67,0
KOSDAQ,306620,지아이에스,3215.0,-4.74,1541.0,2074476.0,66.6944034,-44.65,-9.24,0
KOSDAQ,119830,아이텍,7740.0,-4.09,2039.0,671322.0,51.9603228,-36.68,-2.75,0
KOSPI,217590,티엠씨,22800.0,-8.8,5493.0,227073.0,51.772644,-380.0,-0.47,0
KOSDAQ,474650,링크솔루션,46750.0,-6.31,2687.0,104622.0,48.910785,-34.81,-23.14,0
KOSDAQ,0088,메쥬,25750.0,-9.65,2545.0,186878.0,48.121085,61.9,-26.72,0
KOSDAQ,082270,젬백스,15020.0,-5.24,6649.0,314113.0,47.1797726,-161.51,-26.29,0
KOSDAQ,287840,인투셀,27150.0,-7.81,4078.0,165632.0,44.969088,-36.59,-65.72,0
KOSDAQ,389650,넥스트바이오메디컬,41650.0,-5.13,3447.0,104443.0,43.5005095,-1096.05,-0.67,0
KOSDAQ,086390,유니테스트,15350.0,-7.14,3244.0,281566.0,43.220381,-19.07,-19.3,0
KOSDAQ,451760,컨텍,17440.0,-3.91,2789.0,242103.0,42.2227632,-116.27,-8.36,0
KOSDAQ,468530,프로티나,39600.0,-7.37,4370.0,103073.0,40.816908,-43.81,-40.84,0
KOSPI,005010,휴스틸,4985.0,-5.23,2801.0,786874.0,39.2256689,-16.56,-1.38,0
KOSDAQ,445090,에이직랜드,29900.0,3.1,3267.0,121861.0,36.436439,-12.24,-38.05,0
KOSDAQ,452430,사피엔반도체,42000.0,-6.67,3467.0,85920.0,36.0864,-126.51,-32.67,0
KOSPI,161000,애경케미칼,12850.0,-5.24,6251.0,272963.0,35.0757455,-200.78,-0.41,0
KOSDAQ,318060,그래피,23050.0,-5.53,2575.0,151600.0,34.9438,-22.29,-93.7,0
KOSDAQ,464080,에스오에스랩,12640.0,-2.09,2268.0,269520.0,34.067328,-12.64,-60.6,0
KOSDAQ,061970,LB세미콘,5470.0,-4.87,3177.0,621634.0,34.0033798,-2.31,-60.83,0
KOSDAQ,441270,파인엠텍,9070.0,-4.73,3785.0,362702.0,32.8970714,-39.43,-8.89,0
KOSDAQ,158430,아톤,6370.0,-3.63,1560.0,510117.0,32.4944529,151.67,1.68,0
KOSDAQ,459510,나우로보틱스,22000.0,-3.3,2855.0,147214.0,32.38708,-31.38,-75.89,0
KOSDAQ,166480,코아스템켐온,3670.0,-9.61,1940.0,1561314.0,57.3002238,-5.03,-51.72,-1
KOSDAQ,314130,지놈앤컴퍼니,6120.0,8.7,2736.0,768731.0,47.0463372,-43.1,-8.34,-1
KOSDAQ,054450,텔레칩스,14710.0,-4.48,2228.0,304161.0,44.7420831,-3.89,-35.76,-1
KOSDAQ,211270,AP위성,15260.0,-5.57,2302.0,263271.0,40.1751546,-58.69,-2.65,-1
KOSDAQ,361390,제노코,21000.0,-6.67,2045.0,190153.0,39.93213,-94.17,-4.93,-1
KOSDAQ,321550,티움바이오,7010.0,-3.58,2106.0,486287.0,34.0887187,-14.25,-37.23,-1
KOSDAQ,474170,루미르,11100.0,-9.83,1978.0,293807.0,32.612577,3700.0,0.08,-1
KOSDAQ,140670,알에스오토메이션,13460.0,-3.93,1728.0,241555.0,32.513303,-40.54,-9.37,-1
KOSDAQ,493280,아이엠바이오로직스,32350.0,-8.49,4797.0,98417.0,31.8378995,376.16,-47.26,-1
KOSDAQ,418550,제이오,7130.0,-6.18,2283.0,439269.0,31.3198797,-30.73,-4.27,-1
KOSDAQ,251370,와이엠티,13600.0,-6.01,2450.0,227534.0,30.944624,-134.65,-0.93,-1
KOSDAQ,488280,에스투더블유,20550.0,-10.65,2220.0,225488.0,46.337784,-33.41,-38.28,-2
KOSDAQ,446540,메가터치,7540.0,-11.5,2193.0,515224.0,38.8478896,-54.64,-5.32,-2
